rpy.x,rpy.y,rpy.z
-0.005686437738665864,-0.01093507443982933,-2.59727860343923
-0.0056826739294846265,-0.010932137759661942,-2.597298797257022
0.0010268831712517915,-0.010276341217541184,-2.6062400835877186
0.03240901619661183,-0.008023447703209329,-2.6448199455984267
0.09282424503368313,0.00013817361888996012,-2.715565506902028
0.16775404890095919,0.018106135034967726,-2.798664842506936
0.23540601132904926,0.04495118423043344,-2.876143389122714
0.2919996125923531,0.07813119029957251,-2.946142453324793
0.3445961807548499,0.11609429570658988,-3.010842712002708
0.40024254041762736,0.15998623484282617,-3.0707032140713046
0.4503271820512171,0.20695053427598123,-3.123991536801652
0.49745486443820525,0.2588826309428898,3.1088973389090286
0.5423317150351061,0.31446505982107414,3.0638333587983273
0.5854369958890531,0.3728579240661699,3.02401810658875
0.6263275593289461,0.43395234685184664,2.9893853891000517
0.6657812633599198,0.4972025927485345,2.9591558474668367
0.704457388941835,0.5619042490859559,2.93447731337767
0.7425674873091286,0.6278655029136186,2.9155715298787035
0.7809077666924173,0.6943323561944136,2.9024881555036743
0.8203081713169856,0.7613193851463137,2.8957383460297064
0.8620877532918495,0.8280244803354379,2.896423739279075
0.9075830923757587,0.8940210120005309,2.905758328474862
0.9586843920324944,0.9589121177741047,2.9252041033978347
1.0175815704101803,1.0219723435364874,2.956757205928093
1.0879373613704189,1.0825459645910027,3.004089624451257
1.174328335269957,1.1394315425244852,3.0713514564960818
1.2815246920299674,1.1913547849572932,-3.1196952038350028
1.4169676536949014,1.2367261388265705,-2.995830247338206
1.5853880410947878,1.2731769093574603,-2.835214409949617
1.7868347062055079,1.2977877286076278,-2.63809046596467
2.0083227635456415,1.308266157213134,-2.4176518553239914
2.225682909687009,1.3047598421051163,-2.197899239857058
2.4185654808634123,1.2887808495549318,-1.999703185606591
2.574329595733846,1.2636440956202137,-1.835512338078695
2.693981411837879,1.2327005770954513,-1.7043965192151616
2.785403449478444,1.1990106549116724,-1.5987682516089292
2.849769039893336,1.163552077616617,-1.5175692011678439
2.89504370352469,1.1280414344708631,-1.4530590105029824
2.9256368018044285,1.0937454326740856,-1.4009466258031362
2.944454144252571,1.0612220409527413,-1.3586124351026934
2.952735739820147,1.0335807053837514,-1.3282253876419379
2.9556430565791803,1.0189393148785262,-1.3118330561478415
2.959648688267986,1.0183553056759955,-1.3050090891125699
2.962155018400884,1.0228603785185761,-1.3057766670444297
2.961579535338548,1.0253696783409423,-1.3092146611330198
2.958667602906339,1.0248295249169352,-1.3131288067898097
2.9573737430377296,1.0244081122657727,-1.3145796826632703
2.9575239288058874,1.0245921470282726,-1.314513288231502
2.9695308449848006,1.0294184563760884,-1.3025373642416458
3.026962729448871,1.0524998009078819,-1.2432940883331094
-3.131065681226856,1.09357062505349,-1.1154247255895333
-2.938057854440998,1.1375485390028577,-0.9196300887604962
-2.7153951219830437,1.1664354117328095,-0.6954737547144174
-2.4984056635670755,1.17708192643572,-0.477819589665501
-2.283588041367317,1.1735554280862353,-0.26305368679265884
-2.0787977622180573,1.156731891616718,-0.059473594644751805
-1.8932577599920406,1.1282156359839148,0.12361305846588524
-1.7303118992433197,1.0904307540512421,0.28344701636771624
-1.5893395873925835,1.0456624923330842,0.4201959880569758
-1.4666464781718263,0.995659045134978,0.5371830990224459
-1.359247380152101,0.9420237313610127,0.6376714200795601
-1.264540949873806,0.8862295734483054,0.7242282303476324
-1.1788373057389996,0.8284159248739746,0.8003792716356762
-1.1004208755349336,0.7694563287655675,0.8676833578832083
-1.0279194231803876,0.7100632271099051,0.9276202713809155
-0.9594309466087145,0.6499690081330699,0.9818350623880555
-0.8943228522404124,0.5899159461674582,1.0307840663403873
-0.8316903630140505,0.5300945701064841,1.075510098630627
-0.7709062614255464,0.4707847652702284,1.1164935633941815
-0.7115267631618046,0.4122582301792156,1.1540988013401572
-0.6526291385149346,0.3541513551049267,1.1890805757739658
-0.5940479237483581,0.2966818951610993,1.22134118113263
-0.5352628422665527,0.2399259236346018,1.2511784444772
-0.4765025172916606,0.18421980337884203,1.278871927279014
-0.4172134855618609,0.12968751841824558,1.304362589248611
-0.3572749020816609,0.07617180675428488,1.3278295029431282
-0.296494975489343,0.024173718718372636,1.3492483363262595
-0.2345101180836581,-0.026652179537248234,1.3688535691663641
-0.1715571602207265,-0.07565245694122788,1.3866197263639237
-0.10721017029544751,-0.12324085087014684,1.4023608831187955
-0.040902327303088314,-0.16952734364210567,1.416355800437638
0.02789343682351197,-0.2148041931567305,1.4286443105506201
0.09600444825648707,-0.2569705549898854,1.438875757667999
0.1673051781516367,-0.29788136092369716,1.4473722622730907
0.24031455704775936,-0.3370245333641276,1.4541353647813102
0.31540653283887565,-0.3742650042914992,1.4589963187166497
0.3921297648911504,-0.40956034542078457,1.462384735625674
0.4707414873951149,-0.44281616519326006,1.4639869929085323
0.5437215115595093,-0.4710991125882817,1.4638899055503884
0.5895276702979039,-0.48762707557801394,1.4627513287906533
0.6010163350261343,-0.49117682507421623,1.4625210779449738
0.5897573901321559,-0.4865193606595698,1.463485073021612
0.5793861304851793,-0.4771184913505454,1.4614710398613102
0.585700823652454,-0.4520495469620889,1.446747102234173
0.6079239065990811,-0.40442969589871935,1.4153143247698972
0.6352562542612776,-0.3438253951743727,1.3781418059780375
0.6586561200380039,-0.2795260170181057,1.343925314917511
0.6780016913025069,-0.21566210898905608,1.3125453933556517
0.6970410362902539,-0.1535433074178004,1.2822066598224737
0.7159455180497467,-0.09220167524629244,1.2525255274798257
0.7332628513632897,-0.029822283127933693,1.2237645701496545
0.7493903602232983,0.03335224579384012,1.195804776267825
0.76508113085415,0.09651366807046323,1.1683140156216332
0.7805503215142031,0.16026450456093635,1.1419570831057777
0.7953078902476634,0.2246068126999541,1.1163520068684514
0.8099217417403022,0.2900686108622647,1.091250565967844
0.8240695849425109,0.35375230377132805,1.0677536383076465
0.8383280096430946,0.4188774886287798,1.0448169624535355
0.8526048776119554,0.4844465704042972,1.0229932684132774
0.8672932586537211,0.5503034054114194,1.0024009307572126
0.8827647715736157,0.6163028007473289,0.9832932635304006
0.8994917768544554,0.6822595416695229,0.9663220295776044
0.9177684609277598,0.747888447442442,0.9516760512149451
0.9379667919394807,0.8135106932920587,0.9397159128041007
0.9609540806603163,0.8793396235405354,0.9311588227919375
0.9879577089971239,0.9448715467216227,0.9273694282713834
1.0204851016814347,1.0100054881779381,0.9298863590138555
1.0608516748839147,1.0743145708296618,0.9409245497354779
1.1126980614589956,1.1375484360868382,0.9641462471334071
1.1821556012067103,1.199149143184145,1.0056853834992643
1.27804774420496,1.2579558320210518,1.0743729856534503
1.4171164581312392,1.3124697667919616,1.1870951552814526
1.6238984036995687,1.359322310601952,1.3683208128091184
1.9262526453755324,1.3918279069620392,1.645963115294933
2.308437798106918,1.401796914609955,2.0041375691063688
2.674342490252219,1.3860412495992072,2.346869393992224
2.9502988100957177,1.350067116942758,2.6005927640251607
3.119610393850346,1.3063914921477466,2.7498885981252847
-3.1002192429211455,1.2825884522670499,2.8044069568304186
-3.083945532700901,1.2801236001821121,2.821109160076296
-3.094733680097301,1.2841760764483188,2.812229482418121
-3.1059292572395227,1.2876031223455746,2.8011660629631225
-3.1120317387675964,1.28925235136682,2.7951291127146445
-3.1134861479325107,1.2896348454498496,2.7937860763229097
-3.1133716015599657,1.2897192234401025,2.7937763474425146
-3.1138399076958976,1.289926849344618,2.793421541122848
-3.1141006651241296,1.2900689795942988,2.7932307502228135
-3.1148649671292996,1.2902024231963773,2.792479971618773
-3.1154835532856198,1.2903092813757475,2.7920345472203874
-3.115353366253384,1.2903535513345574,2.7922152220042893
-3.1149282821877122,1.290383395610096,2.7925893587191664
-3.1146697635235916,1.2903689491946637,2.7927630359785374
-3.114573505864886,1.2903730773305329,2.7927873766609936
-3.1144622458713047,1.2903593582369772,2.792922468845687
-3.114661588756307,1.2903724899551194,2.7926729985919536
-3.1144330726987657,1.2903301296464187,2.7928932509791284
-3.114312391283227,1.2902762289360492,2.793105709267156
-3.11427728801289,1.2902736082291912,2.79305234261392
-3.1142421754935077,1.2902447050787051,2.793105048540429
-3.1142092970246606,1.2902196827114945,2.7932014126395153
-3.113988444606503,1.290145687949564,2.7934035542145406
-3.1144033524732717,1.2901170610631094,2.7930174821118285
-3.112157075331351,1.2908076397856834,2.7953479303179596
-3.0516367125308568,1.3101164768683797,2.8590148119404355
-2.8691042207316255,1.3477221359493372,3.050974846624762
-2.483385083809155,1.3853700818988892,-2.8337603772517963
-1.9513017555872165,1.3854754373230171,-2.2880630537258533
-1.5480884295246566,1.3464174827934894,-1.873134248110384
-1.3009189670679107,1.2893339448100078,-1.6159903810847653
-1.1432483237567412,1.2234300285055713,-1.448460296207044
-1.0340958551799686,1.1532234436565107,-1.329426290488437
-0.9530157890264043,1.0801773960920016,-1.2394495887402532
-0.8891700545840192,1.0056879416289712,-1.1672727944450474
-0.8364316536485772,0.9305022848758782,-1.106969523271423
-0.791266742069809,0.8549275970358104,-1.055286504516882
-0.7511231507572846,0.7792367719089588,-1.0095808512768867
-0.7140957385199669,0.703646911678395,-0.9682782519288821
-0.6795035756736928,0.6282224529091625,-0.9305626902224812
-0.6465195381818812,0.5532980656551267,-0.8957535284856568
-0.6142573926136192,0.4792866894739954,-0.8631749172972856
-0.5820524717687037,0.40574281169036813,-0.8324253245906891
-0.5496562214931101,0.33299184649710567,-0.8033676382685128
-0.5168172782037229,0.26116691523120433,-0.7759331287669539
-0.48316564541162776,0.19032395855137027,-0.7499623883871962
-0.44849951352846545,0.12044453087353225,-0.7254962664207334
-0.41257714838737686,0.05178254788924304,-0.7024856634594923
-0.37480063031685873,-0.015866677936956532,-0.6808300935001284
-0.3351307922065138,-0.08178808231533602,-0.6607011091238971
-0.2934072171469688,-0.14628318357609907,-0.6422746937205769
-0.24959334332837327,-0.2090760995734133,-0.625543845964844
-0.2030922077468134,-0.26987100517455853,-0.6108459375079552
-0.1537072080088051,-0.32849117476491396,-0.5986201664451299
-0.10135988542757533,-0.3849822599496793,-0.5878575034024063
-0.045797280640323706,-0.4389228887192859,-0.57941703549443
0.013352808491932808,-0.4900384562528104,-0.5733109108507697
0.07610506232545547,-0.5384223476597343,-0.5696649826234922
0.1424104049449777,-0.5837647844248145,-0.5684841855530736
0.21261538507525057,-0.6255947655504686,-0.5698947543760815
0.2868423026982072,-0.6639985337319696,-0.5737104295406236
0.3648837745405946,-0.6989578917994939,-0.5796970127954805
0.44637009452509646,-0.7298673563336306,-0.5877845138211214
0.5307763612258595,-0.7568157411897808,-0.5973516123766484
0.6144033108757938,-0.7791115838119416,-0.6072147349949308
0.6749976251861914,-0.7930494214646242,-0.6141591357722981
0.7028561196540613,-0.7986307978501428,-0.618231665771803
0.6984893060795039,-0.796995529569423,-0.6183432861834
0.6823363813100102,-0.7932721699051969,-0.6167034055409396
0.6723019980152101,-0.7914800762203634,-0.6149086980938603
0.6688851594618486,-0.7914384896743645,-0.6135233511283865
0.6688207832937321,-0.7917459572351696,-0.6134432830468018
0.6692025352095454,-0.7914466709079938,-0.6133277838167506
0.6724556373724742,-0.78292070996244,-0.6051642382478726
0.6802796836774279,-0.7607874046078797,-0.5849367796097725
0.689315322628112,-0.7342778070559929,-0.5602125057952287
0.6979821289386788,-0.7078283476725802,-0.5359966500786845
0.7063103986898316,-0.6812857545444422,-0.5119963321414285
0.7141026781470903,-0.6551070737947777,-0.48776960241725803
0.7214602242177304,-0.6295637578449538,-0.46316319282379304
0.7286081882899033,-0.6038952667660328,-0.4385235496823233
0.7354144293238917,-0.5782369375025265,-0.4134351375931449
0.7421142709953422,-0.5524530706020999,-0.3881883297026256
0.7485220027762985,-0.5268625352050196,-0.3625854646054393
0.7546866891567844,-0.5012677726159489,-0.3367440517171745
0.7607966237087832,-0.4753615546859411,-0.3107951930430506
0.7667380035872933,-0.4496438508784568,-0.28456266344749603
0.7725051422611088,-0.42400807035064647,-0.2581479968723735
0.7781404332498709,-0.3981984224048695,-0.23154094663482555
0.7836186472518365,-0.3723926527516259,-0.20488036632208392
0.7890346133566891,-0.3466105109911174,-0.17798903031572233
0.794288325981007,-0.320888225526193,-0.1509275859888903
0.7995248985974749,-0.2952032080928027,-0.12369024344722016
0.8045000052207739,-0.269963723801303,-0.09622124057685201
0.8094710392193998,-0.24458057628312174,-0.06858797258173079
0.8145098767667572,-0.2184600020978736,-0.04113836049951907
0.8194079569138427,-0.1930642437891083,-0.013293357183635855
0.824206390217081,-0.16730913126809774,0.014735979373876761
0.829059615965427,-0.14146565696071808,0.042730584261823294
0.8337839186090309,-0.11604312576748019,0.07100818590940279
0.8386345444286135,-0.08999901116085114,0.09941878360600166
0.8433677317669237,-0.06418640615455434,0.12786925407754415
0.8480640284326694,-0.03844578329865913,0.15643335515108625
0.8528463685568421,-0.012619592220286496,0.1851359911861727
0.8575478902863114,0.013127268094588609,0.21383039668733422
0.8622502937700242,0.03887814574044751,0.24280024575850076
0.8669502191376993,0.06457528453663605,0.2718928590227581
0.8717511914154167,0.09054181955150814,0.2999689756114597
0.8752350321204106,0.10911838463049887,0.32019364396706507
0.8761325467992034,0.11427336317826946,0.3273854160514271
0.8761385249491371,0.11460361456824152,0.32721479465161424
0.8760294067187411,0.11394888511507222,0.3257703354150734
0.875933480981301,0.11304003637288268,0.324708659125768
0.8735079698185889,0.0884505130527952,0.3212029008260899
0.864529660707853,0.01793752451380369,0.31150168115591903
0.8440240595553157,-0.09641389173332661,0.29853726979866235
0.8098260362174443,-0.2266672201844009,0.2892439031054666
0.7654779963259568,-0.3467581807890697,0.28835919701578644
0.7110543767982195,-0.4557175724014943,0.29705679681389413
0.6441887191526042,-0.5561503670730208,0.31671791456736326
0.560042696687282,-0.6499783977578036,0.3512508585032915
0.45558914645191856,-0.7343216168064897,0.4041302713098042
0.32682670896660376,-0.8067059497900689,0.479170181142322
0.1731050293038516,-0.8625349292423232,0.5775787517868337
-0.0027501297831950783,-0.8981458646500919,0.6965726548495472
-0.1919974658071282,-0.9102686475464453,0.8270759621384763
-0.3819922418946073,-0.8978968720198212,0.9567042630434823
-0.5595540696244147,-0.8621411673353252,1.072222682698031
-0.7164700729256558,-0.806373235097019,1.1651452628726253
-0.85010605048901,-0.7347968440342411,1.2326046941284616
-0.9620578889643775,-0.6513227427621198,1.2763870823930692
-1.0560601551313615,-0.5588215261924174,1.2996815075198414
-1.1356355681086376,-0.4597545478835702,1.3056368576413733
-1.2035160283166304,-0.356324276845465,1.2969180174095534
-1.2634251004262886,-0.24927037213160516,1.276406967004205
-1.317743718133935,-0.13934812043358297,1.2455866621127811
-1.368151272007823,-0.02774635146489451,1.205507696131997
-1.4162142045709796,0.08460251754319979,1.1568081853866194
-1.4641120747711491,0.19787047176506864,1.099475701356063
-1.513466085818225,0.31109259046247245,1.0331451099380766
-1.5659232536188896,0.4233031308079945,0.9573556269897744
-1.6241515769275892,0.5340780488821641,0.8703420847793796
-1.6918158702545272,0.6428251745693716,0.769448615702103
-1.7727329071589386,0.7487467674549484,0.6508796216247876
-1.873102328645588,0.8481116991925942,0.5091886790875982
-2.0033442186386274,0.9408654920323134,0.3329293102402615
-2.1650993997468135,1.0173062633336143,0.12401571196048783
-2.374164436166435,1.0764333902581182,-0.13608940517356996
-2.6233890510331204,1.1089676506850454,-0.4391049258057515
-2.8904404638909296,1.1093880561278975,-0.7630721865170982
-3.1336454504103846,1.078419380469611,-1.0649497842556015
2.980386283263051,1.0329825904662184,-1.284406199228046
2.9108667047922867,1.0066910578311523,-1.3784529765306623
2.9073628373217786,1.0061431185566718,-1.3828094373325923
2.9323449289664762,1.0165804718029787,-1.3486078895441262
2.9498611423542056,1.0228536102104213,-1.3253346299295365
2.9550033723365408,1.0240132589052073,-1.3183092191404278
2.9554968954092082,1.023991777981952,-1.3174603055274978
2.956093279595928,1.0239847801325364,-1.3170621630489656
2.9853598436064543,1.024417851566956,-1.2899828062485261
3.0817487324828483,1.0276929090399338,-1.1992535720632278
-3.0498263807913206,1.0292135587969415,-1.0578792261470167
-2.8883928898970543,1.0202289104238362,-0.9101863830208541
-2.7462472194083123,0.9996463439835551,-0.7817880959024329
-2.6220855771221525,0.9721272357321824,-0.6712164231084214
-2.507922803575478,0.9407418773934951,-0.5726736434246286
-2.404188271550712,0.9056104625041286,-0.4857230169589476
-2.3122388812090677,0.8672515760221523,-0.41230130673720383
-2.2289316863292554,0.8270762133540455,-0.3489456695188787
-2.153076053969013,0.7859692195339678,-0.2949637265830186
-2.0838661420172815,0.7443484026134412,-0.2491405992367872
-2.020214215863844,0.7029014497657536,-0.21099389257840187
-1.9615985780349943,0.6620195782567767,-0.17976398482116204
-1.9069965766300325,0.6223937909017385,-0.1543061895967496
-1.8559114057608164,0.5840171683927045,-0.13415054253300698
-1.807842867042561,0.5475073424760357,-0.11873443402725287
-1.7624775815939828,0.5130033176357637,-0.10757608590007456
-1.7195059749686652,0.48063054880463296,-0.09984059314612234
-1.6783297819817373,0.45055048312514057,-0.09605422698392689
-1.6392053346742825,0.42320998785118596,-0.09558054049283088
-1.6023766597324478,0.3984451931398029,-0.09844149994991112
-1.5674762176718053,0.37659417525024125,-0.10395286614723316
-1.5345391946330773,0.3575754925563488,-0.11184222721642344
-1.5039444524057153,0.3408964786179582,-0.12189972960158463
-1.4756401580928156,0.3272714052948701,-0.13414974773267463
-1.4494499353020438,0.3169072031814056,-0.14808901729741425
-1.4255223755001436,0.30927994537500986,-0.16354365726504083
-1.4044608909342167,0.30439400817831946,-0.1803561368311636
-1.386474611452209,0.3017447591270089,-0.19828996020528974
-1.3722923347067781,0.3027477370880849,-0.21298680514229187
-1.3677794682765592,0.302908168297898,-0.22017556811733824
-1.3715695231391984,0.2991194896839406,-0.22240920750102372
-1.374706997335124,0.29705131505505444,-0.22132379551717443
-1.3732413070061256,0.2991287418645768,-0.21950852230777146
-1.3715071848084188,0.3010913683706607,-0.21858191389871554
-1.3720933210482775,0.3005396272033584,-0.21848498526643284
-1.372167540233869,0.30054129063028573,-0.21831103069065305
-1.3716463581859004,0.3010918352219212,-0.21818198979615125
-1.371763166510231,0.30104814530434904,-0.21806283274240593
-1.3719535130688185,0.30101260422072323,-0.21793807119760342
-1.3718144560085657,0.3011076066217858,-0.21793698223628802
-1.3718083645812442,0.3011306953989193,-0.21789932116304586
-1.3719247312197338,0.3009568470018115,-0.2179086252641233
-1.3719327309839424,0.3008805791697887,-0.2179689182521782
-1.3719392381271125,0.3008830356180518,-0.2179886019613101
-1.3719759751569365,0.300841947086837,-0.21800130187632155
-1.3719413369368927,0.30085264372684056,-0.21794408762872017
-1.371960086603035,0.30084424681810007,-0.21797703831664242
-1.3720026566937644,0.30081084464672336,-0.21800515153604963
-1.3720087717956675,0.3008124890010152,-0.21798457340095426
-1.3720088721229633,0.30082693642808095,-0.21805032205053979
-1.3720036880965938,0.30083218237475257,-0.21806214510869534
-1.3720451090713321,0.3008333050714075,-0.21811705125237502
-1.3720626881065163,0.30082773495839404,-0.21815069758546066
-1.3720444413828732,0.30086078367610003,-0.21820408223336105
-1.3720840216014936,0.30079386907509653,-0.21818878293096353
-1.37200878329573,0.3008687300891632,-0.21819009461678723
-1.372099296306719,0.3008039439858104,-0.21822479117648758
-1.3720828985268918,0.30081784525887656,-0.21820861217554074
-1.3720318285733586,0.30088581818603505,-0.21818799289744484
-1.372020305198089,0.30087475154311216,-0.21818093403258343
-1.3720600623608832,0.3008365132565128,-0.21819959448649567
-1.3720523541784517,0.30087674704170786,-0.21817493461747012
-1.3720546389425028,0.30084063430778424,-0.21816090304444719
-1.372058401989093,0.30081044568859167,-0.21816348644563693
-1.3720411282596598,0.3008647908635602,-0.21816816940727643
-1.3720325621897131,0.30086093349712656,-0.218161016183164
-1.372036827045043,0.3008487742373737,-0.21815512568886752
-1.372043137230763,0.30084514298095205,-0.21815633507272358
-1.3720484106530266,0.3008358903335345,-0.21812765032091122
-1.3720544006851045,0.30086187353384325,-0.2181358220341045
-1.3720479885877006,0.3008776376360142,-0.21814632496686429
-1.3720794869574773,0.3008352271908074,-0.21817488055027287
-1.3682987241109434,0.29785688863318194,-0.20890295498145758
-1.3515352628837602,0.2808150400057632,-0.1666061338824783
-1.327364812939427,0.24728494712766552,-0.0980104266879781
-1.2991090499820641,0.20768441385891181,-0.023725062935323556
-1.2661578412400452,0.16909993342347945,0.04710073667247318
-1.2320973023484794,0.1299845158919504,0.11339467066239262
-1.2003826485898657,0.0880397403073387,0.1755285363232317
-1.1679590900089265,0.04476071645192904,0.23457658147704633
-1.1339104402354758,0.0008797723751377536,0.2898449314633871
-1.0986367803076715,-0.0446795674363134,0.34187186015939164
-1.0623388983985318,-0.09127747828720806,0.39009997210763026
-1.0249598715950148,-0.13817621470576644,0.43368576186831204
-0.9854800541120311,-0.1869630235242881,0.4748714995114283
-0.9440116161914136,-0.23563389853524563,0.511343696599885
-0.9001771441807762,-0.2844823419267794,0.5433399375743543
-0.8537008060086823,-0.33313358517946856,0.5707548568268414
-0.804246442232339,-0.38121990324676214,0.5930633067572588
-0.7510034842549986,-0.4284201955776627,0.6098671247618498
-0.6939288577804659,-0.47437300830815105,0.6209492066111076
-0.6322643312661986,-0.5187076296607855,0.6261491089959993
-0.5654630199260336,-0.5606531685914948,0.6249505722362834
-0.4936122438301103,-0.5993919056760315,0.6171796456560591
-0.41627761734221186,-0.6346976236094088,0.6026078036664747
-0.3330317953719921,-0.6657297986219407,0.581013017890077
-0.24431429750469974,-0.6918689517242943,0.5529201637032216
-0.15041726863593766,-0.7122502219939889,0.5186397331459471
-0.05239407334487878,-0.7263247811787449,0.4793709892661666
0.04879339898632057,-0.7334052891562857,0.4361814626852278
0.15160892247705224,-0.7333891380533505,0.39068732571244363
0.254377307594342,-0.7260471691594158,0.3451945583473126
0.35528914526188526,-0.7111542762053653,0.3009231020237604
0.4528277959498989,-0.6893406284473802,0.2596296902297519
0.5463691228536698,-0.6603953213191264,0.22263306045611173
0.6345541160350141,-0.62576799030584,0.19056550241913567
0.7088439573976215,-0.5895957174273371,0.1667590912776484
0.7435447211627505,-0.5719269874020564,0.15636377586836714
0.7492378319020001,-0.5680655694181711,0.1536610485064914
0.7453713061983445,-0.5695880032724934,0.15445477845276792
0.74077918815532,-0.5723195587510579,0.15603770398953093
0.7384953028446003,-0.5735315203197919,0.15698920052563614
0.7377368043443878,-0.5739264103765592,0.15735254669993423
0.7376348772284776,-0.5740024651471028,0.15744664567713887
0.7340607193466757,-0.5805225636954146,0.15909314290382245
0.7150414706614359,-0.614946825055748,0.1651163534495355
0.669147795809421,-0.6857198589300249,0.18144314159440192
0.59018551451998,-0.7773954169054452,0.2181632686574876
0.48216254815258996,-0.8650652772520823,0.2803808089557611
0.35158797464179137,-0.9365773157317913,0.3661648534000329
0.19694302838271527,-0.991281135634938,0.4758179581325136
0.017678101637575615,-1.0279952636627412,0.6089711835081406
-0.18143828613615132,-1.0441297697744356,0.7601768068263046
-0.3853870733803194,-1.0379035148533386,0.9142666859107523
-0.5770982702834496,-1.009870991822166,1.054488414955278
-0.7453818740100135,-0.9629849536011792,1.169785253308346
-0.8868292784527319,-0.9014524431502832,1.256417878045419
-1.0027528072396812,-0.8293288115081379,1.315710110443244
-1.0982306130947728,-0.7488338025525337,1.352401713983962
-1.1775176417314088,-0.6621763161026171,1.3710407061756538
-1.243476880945299,-0.571561148462691,1.3742801252180896
-1.2998341008119163,-0.4779482266766748,1.3654500841996966
-1.3489043265631813,-0.3824269652728472,1.3466760571040395
-1.3930255061619914,-0.28493726817409604,1.3195869113780234
-1.4332240800640943,-0.18639839487912765,1.2851487602652578
-1.4710052473121937,-0.08720745501152831,1.244316206293478
-1.507502151347756,0.012354488700777957,1.197270522466732
-1.5437667667823072,0.11212858534560821,1.1443918874967915
-1.5807726816259575,0.21158267149811819,1.0859128179070134
-1.6197097349758263,0.31024319862435357,1.0210121953475815
-1.6620626224377066,0.40796004488711357,0.9484250651445967
-1.7091240535208132,0.5044221277607523,0.867649049774268
-1.7626120593730399,0.5989035340406897,0.7772975953588682
-1.8253076088029556,0.6909120509948163,0.6748499308606192
-1.9001602077578927,0.7790616241382695,0.5576200030083469
-1.991636650044445,0.8619813946408129,0.42141086850823783
-2.1051435729210723,0.9377667165227191,0.2610052428340736
-2.2465219874499067,1.003323923054721,0.0704510113871737
-2.418721201256241,1.0544360273877984,-0.15303318735326432
-2.6200367849801114,1.0868852795922366,-0.4075629047249721
-2.83836492026487,1.0968003758957938,-0.6812725330604018
-3.0536042513007327,1.0828274919786072,-0.954005307108938
3.0441250896748575,1.0489567725822344,-1.1968926624483545
2.938824842139747,1.0179823809792736,-1.3410738645090752
2.906137934528386,1.0070162255955628,-1.386386803111858
2.920722655245645,1.0129081477110524,-1.3649680374324495
2.9424193028305474,1.0204862127372984,-1.3347810696478872
2.9531607787725287,1.0237664340600054,-1.320555776888147
2.9557920545098666,1.0243369988116873,-1.3171606870328407
2.9559197512963022,1.0243496926999156,-1.316970059738138
2.963899256533277,1.0275684180382405,-1.3091052182928324
3.0098132362358374,1.0465361264095276,-1.2620992341026833
3.1240568471994057,1.086817375035352,-1.1455225929278223
-2.9621174207393985,1.1354989317958766,-0.9465102865506024
-2.7009418869490402,1.1710710641769198,-0.6845359151686852
-2.4204413242488503,1.1818429327548476,-0.40487790814854996
-2.151219363321802,1.1690928582697035,-0.13745407651291366
-1.9197742719014372,1.1383160186838444,0.09085218019010327
-1.727310586363916,1.094954524243948,0.2786815054117195
-1.5635462620631362,1.0415160664535883,0.4368304058764
-1.4259570327268676,0.9814797976212555,0.5672601505210931
-1.3062955881378275,0.9160430210748781,0.6777291747704398
-1.2035166952834144,0.848480010582646,0.7700428613845338
-1.1102122485849237,0.7779325715086106,0.8501859038824
-1.025899546771729,0.7066147850308593,0.919415157416654
-0.947347852444451,0.6347188835332916,0.9809755303773714
-0.8730178398189855,0.562469498638191,1.0354215340219497
-0.80205013351965,0.4905606947660206,1.084195060553827
-0.733306473002597,0.4196513846786625,1.1279074765035615
-0.6657192607956135,0.3494027567969623,1.1676008320828923
-0.5985078053924481,0.2799432767042223,1.2035063428545705
-0.5312830812086071,0.2114609862827142,1.2360881892787894
-0.46370003519513225,0.14430376519255744,1.2655257964260114
-0.3954524766229219,0.07899104370775302,1.2918297094551012
-0.32594614352248596,0.01517294937974373,1.3152848696475241
-0.2545621464206934,-0.04737015025397992,1.3359013781728695
-0.18133450135132986,-0.10786060392820739,1.3537241793006722
-0.1063250445137033,-0.1660202379515848,1.368824038077224
-0.028920332294981952,-0.22189232107611215,1.3811093989878391
0.05168873817012884,-0.2760501791758022,1.3904597482182275
0.1351260466466291,-0.32761502535559567,1.3966977098853186
0.22145057112000566,-0.3762675295403911,1.3999234376780167
0.3106623509543614,-0.42200014658014007,1.4003637597049552
0.40338180823111586,-0.46478268220925295,1.397674084764728
0.49936805623209657,-0.504508246413871,1.3921359896842462
0.5984737957039434,-0.5408256336427553,1.3838182188568147
0.7009356925301999,-0.5737862479655498,1.3726336809957789
0.7809073245757938,-0.5968291608117839,1.3617596870112085
0.8188776425217975,-0.6064260054656436,1.356102841271939
0.8181100308833075,-0.605749979118575,1.3566114091805228
0.7898953436604672,-0.5980589460039011,1.3606766389754246
0.7708308960516951,-0.5928104837405632,1.36365785938228
0.7676170607870959,-0.5922976414191167,1.3646480873019873
0.7688760477721026,-0.5930350577664111,1.3635818132115207
0.7654737586727202,-0.5919901872262754,1.3642433886270413
0.7412400520408674,-0.5852077084031627,1.3676380855847177
0.6781623830026776,-0.5666806560239891,1.3740512772113902
0.585395769107661,-0.5359675913990732,1.3835594170663672
0.4859180694453627,-0.4982251426660285,1.3927785121980398
0.39891158372194274,-0.46231486525885673,1.3977223446946394
0.31929499888374885,-0.4262910594189755,1.3996838524744357
0.24197135309082243,-0.3875671897433324,1.3996425865860325
0.16646812060799268,-0.34600609246584074,1.397775355816987
0.0938634937203336,-0.30295310011378607,1.39342143888818
0.023764436841056058,-0.25821775447913037,1.3867811736337823
-0.04462208550942109,-0.2113881232888645,1.37827987222934
-0.11086533989644584,-0.16306283290442986,1.3673767036124855
-0.17529689211031843,-0.11313436042952815,1.3544872978610918
-0.238440258033705,-0.06152356202280509,1.3396418507056054
-0.29978564945059927,-0.008763415911023812,1.3226457446181483
-0.360101067292131,0.04547715451790192,1.3036913078058114
-0.41925186273712806,0.10074569614613194,1.2825983558441258
-0.4778223830171349,0.15742475248583354,1.2592163202145612
-0.5356671957479072,0.21518990580920042,1.2336071032350957
-0.5932588556642769,0.2737944829978039,1.2058124044242493
-0.6506903556080728,0.33332822795723865,1.1754950743375636
-0.7089591933851053,0.39387917007892764,1.1422868898921659
-0.7675803844840124,0.45498991529702804,1.1061798678958326
-0.8274083916444047,0.5163695242181364,1.0668516724159696
-0.8889282248305568,0.5779910899492924,1.023864613523151
-0.9529080780889329,0.6397541841394009,0.9764934040687615
-1.0200456819720212,0.7014501202882653,0.9239492662150847
-1.0916278369082224,0.7627115860228624,0.8655697410138979
-1.1689918246681548,0.8232388059122396,0.7999221988136238
-1.2536907464347589,0.8824603049725721,0.7254503143342423
-1.3480327152418148,0.9399816591682569,0.6399072998728104
-1.4551231268905411,0.9951326958022533,0.540457223292319
-1.577973885176971,1.0464989302050238,0.4238777151489763
-1.7201930108891967,1.092542000431822,0.28678189926126807
-1.8853627023665396,1.1313147421652778,0.12566229542372015
-2.073524401573789,1.1603916903727716,-0.05954174857389652
-2.2815799539769075,1.177334366549199,-0.26563237027981923
-2.4996906985105682,1.1803285421071057,-0.48266591736947206
-2.709084262926065,1.1695256595423447,-0.6921414335447583
-2.909692656942304,1.144067763326047,-0.8932958495651637
-3.08584861179027,1.106903844488677,-1.0708312154593562
3.046458247738584,1.060485669393829,-1.2237798341570783
2.9489558125279225,1.0201562191611286,-1.32350602334001
2.916290212422145,1.0059144883900952,-1.3566573845875618
2.927800701028957,1.0122028182203344,-1.344767746453141
2.9496893795768444,1.0224810480999331,-1.323013545086607
2.9876149786417407,1.0388456595103837,-1.2869857244228669
3.090001720097783,1.080704691999663,-1.1893585399335043
-3.002500708937097,1.1386857774332833,-1.0078487711611748
-2.725717822922225,1.1883691493273452,-0.7432041964598581
-2.419676302077096,1.2097509456451814,-0.4499113780066779
-2.1137665535628507,1.2035505810786113,-0.15644897324635273
-1.8339791861865193,1.172685075042773,0.11020656611541878
-1.6038097169928107,1.1237257937267033,0.3264634254302417
-1.4216497658286347,1.0638083497857458,0.49433984470519005
-1.2717798627982868,0.9955758896882667,0.6288268094865935
-1.1435997595869847,0.9199254812081443,0.7400993809587597
-1.0339397173189973,0.840181383904317,0.8315939817456579
-0.9385168057323346,0.7587691164878113,0.9076127087381285
-0.8523968370447104,0.6753131177678069,0.9726985414792899
-0.7731667736934781,0.5902640247937299,1.0295099249690367
-0.6990169561747598,0.5047515000273664,1.0790542036474569
-0.6285623703235412,0.41861232402199133,1.1232347618317158
-0.5608394896941316,0.3326153250044047,1.1624691463361874
-0.49475661009465516,0.2470872156391883,1.197584735575881
-0.42929904295267607,0.1609553437758873,1.2290541676307112
-0.36449124546992206,0.07540927308570419,1.2570800905796728
-0.2994520761182766,-0.00926543406597185,1.2816648583154844
-0.23330265838452033,-0.0938374608875844,1.3029507233944317
-0.16637925316389837,-0.17758433301729756,1.3208944541174543
-0.09695519362142893,-0.26061424904288694,1.334990268050559
-0.025041126051407007,-0.3430192986681214,1.3451793150628628
0.050040988894157985,-0.4238746320395453,1.3506279984782146
0.129745499043982,-0.5034234309112169,1.350885054661676
0.21454024208891015,-0.5812798189621686,1.3448554284937275
0.30571427884219987,-0.6566506185064477,1.3316175762614915
0.40563645153996913,-0.7296776091224557,1.3094353120020747
0.5161959412628482,-0.7996765772807259,1.2760596643898905
0.6388617607028835,-0.8648721804330209,1.2300124324326955
0.7767348975171567,-0.9244836494410323,1.168087814294305
0.9089237613598035,-0.9700687041312761,1.1003254915455958
0.9934473832105295,-0.9937545926967335,1.0541166277106413
1.020617015422266,-1.0004659560282387,1.0391588305761432
0.9944426344189226,-0.9938351122458401,1.0545008615424267
0.9515653118991257,-0.9820583512394062,1.0785974773977307
0.9320472172815734,-0.9763114653876673,1.0895433590846537
0.9327791168653802,-0.9767653538777652,1.0884900134035917
0.9349414758363838,-0.9775142404575172,1.0867698090128326
0.933155460322152,-0.9768945323429744,1.0881535599053178
0.9336454872283559,-0.9770883263372543,1.0880505756887722
0.9151750108216874,-0.9718966040764342,1.0973975256841115
0.8393815477350569,-0.947449235243266,1.1360256203039616
0.7238666618629689,-0.90302856679207,1.1921198791988263
0.6104790514647729,-0.8500235883841661,1.2421020194833237
0.5162055625790164,-0.7990227969147394,1.2773758630700802
0.4347107506288882,-0.7491394831550189,1.3018513370428564
0.35821942985793304,-0.6964660478138962,1.3207708986267872
0.285961829920135,-0.6410534499504008,1.335323850367707
0.21848539631163902,-0.5846913267046883,1.344804403553915
0.15511855747480904,-0.5275743202627512,1.3498170166737986
0.09457372233817321,-0.4690381834114787,1.3515358245928806
0.036584645442667,-0.40961173198678796,1.3501335107164307
-0.01886350647872719,-0.3496774016575508,1.3458937397970712
-0.07256606126736245,-0.28891916007176127,1.3391100565007967
-0.12481282316731887,-0.2274590982735972,1.3299621804363406
-0.17576523994630094,-0.1656536449840159,1.318721660391467
-0.2254215211998488,-0.10375714148373062,1.3054164641983768
-0.274400988013843,-0.04156764968334397,1.2903845146648545
-0.32276572911304346,0.021148998408246245,1.2733343597180777
-0.370878842894747,0.08390173424117214,1.2544852300010476
-0.4188660342450131,0.14731084092101768,1.2337278088222812
-0.466904655344146,0.21055845719147526,1.2113449359960888
-0.5152357384564126,0.27399887010130425,1.1868027030172839
-0.5641556870984793,0.33699859377528607,1.1603900037223447
-0.6139643640489599,0.400561470503679,1.1315841089347387
-0.6652462866820646,0.4641615179333738,1.100165276269685
-0.7179549472777471,0.5271547719559504,1.0662277265107465
-0.7730699819839705,0.5901143595816876,1.0289763711065205
-0.8307075208253021,0.6526677782826474,0.987959684859266
-0.8918535997917244,0.7145824698700562,0.9427343631172187
-0.9575897467307032,0.7759015413662161,0.8920196048936205
-1.029219311704229,0.8364033649454516,0.8348062989618623
-1.1078382233558788,0.8953806478408484,0.7696993908130703
-1.1951924820886113,0.9523354408369481,0.695190527753674
-1.2944266481092732,1.0070891710717769,0.6081844113168875
-1.4079071874790223,1.0582497879762516,0.5063163739217
-1.539160358649723,1.1048520148953094,0.38607575850974524
-1.6932169539617368,1.1457006774658158,0.2424876441805146
-1.8719675892752419,1.1784548148235898,0.0737757287394659
-2.073446535274998,1.2006030140990185,-0.11815847923516735
-2.290418391456541,1.2101769176314745,-0.3259864643033276
-2.5108302228365424,1.2060140074088224,-0.5377194077806228
-2.719775739862289,1.1886364731944887,-0.7383752843034421
-2.908600202990924,1.1593009014204874,-0.9192952479193364
-3.0728486972403517,1.120329048232802,-1.0759828942436491
3.0709269476916856,1.0740985313354574,-1.208178247081367
2.9695974830432634,1.0300152537289085,-1.3038844298953916
2.9309999103872384,1.0114271659673784,-1.3393586326827422
2.937510984896156,1.0156669535913994,-1.3330818688593828
2.9499994901616144,1.022155719265653,-1.3217748168777317
2.954764683429723,1.023955689629654,-1.3173522604324805
2.955333503848311,1.023847131056476,-1.3167308463618959
2.955925259722182,1.024241479987302,-1.3162671864136388
2.9560855263484673,1.0243379570647613,-1.3161200244797173
2.956003286324077,1.0242647267322902,-1.3161514461781694
2.956492482894213,1.0245927703002538,-1.3157423452117427
2.9567544542468998,1.0247324540672473,-1.315474406307552
2.9566886104452936,1.0247012151314625,-1.3155096244873308
2.956970976794171,1.0247818902354677,-1.3152683700819459
2.957158919176525,1.0248124737592712,-1.3151514215450804
2.9571441106284775,1.0247829627891019,-1.3151262032639008
2.95724283119859,1.02483551066251,-1.31498791525915
2.9573761111829198,1.024891090368369,-1.3148585982823555
2.957431892436921,1.0249507059023506,-1.3148131578161826
2.957466921922639,1.0249657831945156,-1.3148179757936431
2.957500859945297,1.0249814209737425,-1.3147803637878792
2.957538834426249,1.0249866978451077,-1.3147449662887043
2.9575271684199285,1.0249909753976072,-1.314746290334247
2.9575476589951277,1.025007902146932,-1.3147582130212323
2.9576614918602426,1.0250392022978065,-1.3146812461824524
2.957555650371301,1.0250165223331038,-1.314728068538573
2.9575324111909667,1.0250032150028612,-1.3147755447589895
2.957594240036536,1.025012268102105,-1.314678382418689
2.957482167674967,1.0249818964428403,-1.314782586140687
2.9575629645060113,1.0250401317109354,-1.314704646781613
2.9575282499975977,1.024990878151763,-1.3147185410329538
2.9575639503181073,1.025028939636557,-1.3147274375062712
2.9575528993442175,1.025012003319584,-1.314727543103261
2.9575876389189473,1.0250127895418637,-1.314681842442925
2.9576313913539143,1.025005951716414,-1.3146693374507104
2.9575793765073595,1.0249928556231445,-1.3147316001166998
2.957937753130799,1.0250039925834387,-1.3144823227013176
2.9830922885420454,1.0276140854486004,-1.2972665497798694
3.081914856836032,1.0384958751777593,-1.227964931989263
-3.0113911462817344,1.0508526356273347,-1.0940014308836423
-2.761414933869825,1.047255241162842,-0.921103331321235
-2.5183157763596777,1.021709870130144,-0.763409643371748
-2.312151637924032,0.9808884667275894,-0.6450324061429259
-2.1340802040357882,0.9318377334936372,-0.559328866006116
-1.9781277687607297,0.8795445718972016,-0.5009416600694612
-1.84585306040337,0.8290776310759477,-0.4668098304641725
-1.7337283955470641,0.7828835602899733,-0.45249105174579457
-1.6305794493821137,0.7401445848626232,-0.45177806103189083
-1.5313963733096023,0.7022562560874918,-0.46082079382867874
-1.4383228519956266,0.6708806057683521,-0.47984327930561604
-1.3519839604572141,0.6468781430381293,-0.5071179888469926
-1.2683597153494433,0.6310463381758489,-0.5405929580377993
-1.1922130845542662,0.6240651162088718,-0.5773977222900261
-1.1195732577193587,0.6247855977945077,-0.6163490767164497
-1.0518740063199905,0.6360188056292397,-0.6611819941168589
-0.989555391379667,0.6556599753084559,-0.7063573454721663
-0.9325295818030918,0.6840139631316277,-0.7517349274305188
-0.8818054045320222,0.7203949931260296,-0.7975357251940299
-0.8379875271265405,0.7640871948444904,-0.8434477362145596
-0.8019807249676317,0.814656953720445,-0.8896986987726161
-0.7744641222207863,0.8712680487195328,-0.9362863756240226
-0.7563651387077228,0.9332069206598622,-0.9839798429528205
-0.7497233056439133,0.9993306419639364,-1.0344628689929998
-0.7571282225944167,1.0689010089790452,-1.0903766778342883
-0.7832667222816366,1.1406829171149784,-1.156204516281254
-0.8361865193492519,1.2141074360493482,-1.2402661303384184
-0.930972382218378,1.2865017541124955,-1.3574876102471978
-1.1042452136745773,1.3543142544820517,-1.5446180821834408
-1.4250241736346774,1.409696948140915,-1.870670567740533
-1.9587149191036903,1.4353909586578832,-2.401103080261432
-2.518020364333355,1.416556949827076,-2.9486530980091703
-2.876733798285827,1.3662246520144707,2.995904332915886
-3.075703799100231,1.3101746787660067,2.822364589837923
3.1236967512201557,1.272379777704488,2.758343418095998
3.104291616904431,1.2570347360581364,2.7473003769222215
3.120802699862983,1.2650097642406468,2.7592579140070113
-3.124140328227977,1.2802442449007156,2.788839875084783
-3.1087371206444367,1.2883989844644417,2.799790969319828
-3.1187138792750266,1.2908255796856596,2.7892396020699226
-3.1199149762823604,1.2908009787523367,2.7880542522004923
-3.1186213519779753,1.2906681040745698,2.789317183932279
-3.135149322035177,1.295773760746915,2.774579641249559
3.077559294282668,1.319117917617026,2.713194193424581
2.9276862223638456,1.3558407251465803,2.581575943628401
2.6707814544748785,1.387711384013934,2.3454078626301564
2.329581449591598,1.40218274086639,2.02459434328261
1.9809639131056391,1.3949269720740252,1.6970294335720522
1.6964083386252318,1.3696101195800268,1.434176656278613
1.4901673716915504,1.3322427446941294,1.2498874189040579
1.3448550478764045,1.2873420798174955,1.1273984723941166
1.2412395390612392,1.2382056463297288,1.0472442492555547
1.1648486366831217,1.1861614992162992,0.9946719690577559
1.107748561749951,1.1321779093346687,0.9620183286793927
1.062724899534987,1.0772346680846372,0.9418766542029748
1.0263933137813408,1.0215215284380619,0.9308903828128446
0.9968188075307621,0.9649492160006314,0.9273936903536472
0.9714707546658199,0.9082835411504004,0.9284712387505318
0.9499178364497082,0.8512461183705988,0.9340419740314235
0.9309208092722391,0.7941005073269524,0.9426522157876337
0.9135869669622991,0.7359104967677971,0.9538445185289829
0.898324400726057,0.6795915498831315,0.9668846786407563
0.8837294234435856,0.6224434988452958,0.9816018913228426
0.87009267331294,0.5650583535816074,0.9978222441224243
0.8573157326370604,0.507512911507567,1.0154210736395461
0.844934277615481,0.45040953188078203,1.0342215086688398
0.8327268798832422,0.3935255057546621,1.0537387561177354
0.820407559627179,0.33687715715376076,1.0738671416902168
0.8078928083559845,0.28024144815064805,1.0945926358167901
0.7951630204606608,0.22402017537271843,1.1159995045597222
0.7823297007097123,0.1680562736145049,1.1381760040116178
0.7693209264573104,0.11244348352673812,1.1610169536861457
0.7559199675188643,0.05730237931914226,1.1845573877370472
0.7420287787174112,0.002690985862451553,1.2080283454776441
0.7275737651300745,-0.051714919442224186,1.2322573538109778
0.712269014797489,-0.10586004536622587,1.257679860132471
0.6963107586732423,-0.15922714478950706,1.2836131694705881
0.6796712617565475,-0.21192587957672307,1.3099425076107145
0.6622475532797969,-0.26435008895636786,1.3369400527468045
0.6436623083256245,-0.31607732198575095,1.3648064497514758
0.6238041606484221,-0.3673538751827466,1.3933364263146255
0.6028820714736481,-0.41791392364182556,1.4227659137998037
0.5816480056520484,-0.46400360638383414,1.4520731581793689
0.5690746825022803,-0.4855735499478105,1.4680100544451673
0.5687979638926328,-0.489529721839959,1.468026857072544
0.5719392878540036,-0.4879666060872246,1.4653603869201355
0.5634925731607688,-0.48133272178448155,1.4649156464770465
0.5207099601307804,-0.4628561369206846,1.4646374356919525
0.44610336174480003,-0.43208375415908107,1.4633499881453862
0.3507678541487637,-0.38997308523212204,1.460991187499688
0.25834051304354727,-0.34526673733182506,1.4562911101708866
0.1773113863960126,-0.30292951473013274,1.4494573122855912
0.10279491918587652,-0.26098549275053,1.440000044190403
0.029678807223675985,-0.21625177568169482,1.4290384920595658
-0.04190363476427104,-0.1688728812897218,1.4164146050303652
-0.1113663433562572,-0.12031031109471398,1.401469701339741
-0.17887984164404885,-0.07026695017087252,1.3843128268747824
-0.2451320328319684,-0.01812568230225419,1.3652035983591406
-0.31039897457731347,0.03571793827240173,1.3441489369265402
-0.3740825900328315,0.0907247339345619,1.3210667047264473
-0.4368559264412897,0.14701874716395544,1.295841559876969
-0.4990589190619194,0.20478568748560638,1.2682534669934915
-0.5608651114285296,0.2638109207439722,1.2382143833227655
-0.6224370367135593,0.32357011754667814,1.2057225599628811
-0.6837843840988019,0.38408658308701754,1.1704009178713668
-0.745988825064323,0.4454101095534715,1.1322599522977321
-0.8097286654845439,0.5080879341579938,1.0901918845721779
-0.8750005350343633,0.5710003177238401,1.0444245358223612
-0.9440092868040051,0.6353933821307923,0.9932197762607238
-1.0140737380534715,0.6974441299368284,0.938546024622182
-1.0894631934860135,0.7600752962668637,0.8767149497752108
-1.1710603103106436,0.8222988477411175,0.8069577240803527
-1.2608237788521808,0.8834466336000265,0.7275524129466144
-1.3606076659475848,0.9423729795020273,0.636413086288792
-1.4738884916390158,0.9985413200735614,0.5304789122161888
-1.604629736360789,1.0508066574122594,0.40522341603841433
-1.756202629531683,1.0970293555224147,0.258081325545807
-1.9321597937708879,1.1350825726358567,0.08545528809558718
-2.1324762932728913,1.1622359954632464,-0.11283915401298135
-2.3515748314982687,1.1758995258743143,-0.3308439654466809
-2.5777062279764236,1.1742854392000097,-0.5569330937323148
-2.7949514829845166,1.1572828622650992,-0.7743723683585201
-2.9914802800400007,1.126323790403968,-0.9727932454198955
3.120198677134847,1.0834833540658058,-1.1474460315610964
2.9923718495184812,1.038525422094495,-1.27867932621292
2.9246870013824813,1.0098360630753935,-1.3484390886776962
2.909062276452056,1.003172061900403,-1.3645900251164274
2.928743214509954,1.0129409492590993,-1.3441554764107377
2.956175589398163,1.0243749179049133,-1.314487605339441
3.0286615460346527,1.0445987413360827,-1.2250039204363952
-3.1026670886014456,1.0747835806802963,-1.0404440370159838
-2.888619400840302,1.092759174583853,-0.7864027426172455
-2.6700776964128643,1.0857807566171163,-0.5306538621628841
-2.4869184807238334,1.0589449589024855,-0.31395434898564445
-2.325942176935116,1.0166634541409543,-0.12177257927240209
-2.188436956440343,0.9617263137307462,0.04467012058446554
-2.07566934323207,0.8972347445377828,0.18491217001897922
-1.9841125406705975,0.8259138040918526,0.3022428837187522
-1.9079042681531861,0.7491160117867164,0.4023910200434252
-1.843951023854251,0.6683112243265632,0.4883886784807013
-1.789737354903715,0.5847104134011996,0.5626033119038785
-1.7430657814257227,0.4992733827390603,0.627153030290373
-1.701658695746292,0.41182741654935456,0.6840524755355405
-1.6642814203883671,0.3229631949067717,0.7343302495641371
-1.6300659633898968,0.23350946838069087,0.778675623904162
-1.597833356230213,0.14373217824208506,0.817755608691317
-1.5667984870724818,0.05353362102945247,0.8520096924168379
-1.5362047303537303,-0.037021002226025654,0.8818098189155698
-1.5054455357928866,-0.1274139181930717,0.906838608500712
-1.4736261151999972,-0.21781911562793327,0.9271772808337593
-1.4396448419810586,-0.30817717013708745,0.9422047161295367
-1.4029521932843414,-0.3977015425552257,0.951694046301673
-1.3623278852364253,-0.48623753887072346,0.9545954530787565
-1.31667641203191,-0.5733039501898944,0.9500137633365932
-1.2635169598098035,-0.6587632525262075,0.9359270460585715
-1.2011834688328664,-0.7412363104876991,0.9107078519814422
-1.1251472767566995,-0.8216712966574429,0.870614406310374
-1.0364541914550427,-0.8942727034221348,0.8148396442361892
-0.9254841113627608,-0.9619284659554725,0.7359931365594863
-0.789564259271454,-1.0203318651037099,0.6307320021891812
-0.6258268039537868,-1.0661071545773608,0.496142705559386
-0.4363142892341036,-1.0957303619030887,0.3343370022183356
-0.2303981203408422,-1.1060960968534208,0.15475544935504973
-0.025821615971932423,-1.0960519089128666,-0.025064821077963328
0.1621891637625884,-1.06661681713161,-0.18961742656161892
0.3224899702844447,-1.0210164270806275,-0.32804937147477053
0.4542976206184754,-0.962748088675962,-0.4396402626035015
0.5598577221761127,-0.8947855348104004,-0.5267359246551144
0.6363955015957362,-0.8265442786493868,-0.5878337545336552
0.6771679733808894,-0.7805786755522512,-0.619827246816402
0.6868380176415724,-0.7696072113353142,-0.6281519670859603
0.6799498053735651,-0.7804273877880088,-0.6234399846426418
0.6725339622978934,-0.7896493444000549,-0.6173401981368146
0.6705071932699865,-0.7901579460810912,-0.6149072035746268
0.6704798993854412,-0.7891185120282687,-0.6145186226019876
