pos.x,pos.y,pos.z,orient.x,orient.y,orient.z,orient.w,n_secs_ee
0.2616519575370855,-0.5597136349866435,0.6468638602465704,0.006029573154146716,-0.0013204680538361415,0.963170945667053,-0.268818954009074,1720697193251412123
0.2616458749559936,-0.5597106958995499,0.6468708259219269,0.006036230921724612,-0.0013085801786290828,0.9631719041479454,-0.2688154284898784,1720697193276408524
0.26139348614725777,-0.5597950061129413,0.646814038629396,0.005678459919871163,-0.0008695979132862489,0.9634164405109104,-0.26794731020425466,1720697193301417086
0.25883162943771876,-0.5609856081128015,0.6459257007179342,0.002558102493697875,0.0029415561725027336,0.9663829206869711,-0.25707752520093075,1720697193326408887
0.2524515619039732,-0.564618202916663,0.6429160860731932,-0.004851579454050288,0.010680094865517843,0.972860440927168,-0.23109513242269064,1720697193351409216
0.24384847612447727,-0.5697423455993554,0.6381532180531913,-0.015208852039019807,0.02044411531090864,0.9804248010792318,-0.19523815814936968,1720697193376408445
0.23513972581484696,-0.5742004492317859,0.6336401156772857,-0.026471072957203863,0.030630802318215234,0.9865847814157885,-0.15815026185434441,1720697193401408276
0.2267212109355916,-0.577553494382749,0.6300577652444144,-0.03783747625341364,0.04065003312821779,0.9908758648345314,-0.12280440010792225,1720697193426407773
0.21841090065275212,-0.5808551837032633,0.6262031242089414,-0.04925879748042126,0.04938374332314891,0.9936212689996088,-0.08860920131557222,1720697193451408280
0.2101640492145847,-0.5842874625975203,0.6218301841985807,-0.06088905598424385,0.0570091924752257,0.9949955477738567,-0.055012132706096895,1720697193476408327
0.2018532652367476,-0.5873883868816339,0.617525884300751,-0.07280013470806482,0.06430318656918152,0.9950361169593833,-0.021641777420747858,1720697193501421945
0.1934108878671551,-0.5901972230456505,0.6133098929591003,-0.08493315043530134,0.07120681535461766,0.9937716518039702,0.011569506255516502,1720697193526408103
0.18499436564774535,-0.592895202517306,0.6088567969912546,-0.0974488908009068,0.07735846975613324,0.9912334756760611,0.044447469419730934,1720697193551416410
0.17654701346221524,-0.5954228911770719,0.6042514019439267,-0.11027475780546164,0.08291731521414486,0.9874572368211512,0.07676198328705339,1720697193576416276
0.16799565923251644,-0.5977209833618922,0.5996311353053774,-0.12338313605516624,0.08794709550507827,0.9824488808501858,0.10879387227978647,1720697193601406950
0.1594156657079635,-0.5997912421271181,0.5949816985955733,-0.1366695067004873,0.09241414865012389,0.9762638658102178,0.14032083017430913,1720697193626407024
0.1508604236527402,-0.601673859156237,0.5902038042697737,-0.1502491388971612,0.09625899307450535,0.9689190209806626,0.17133398172813885,1720697193651407504
0.142309716650722,-0.6033282597805626,0.5854008776801692,-0.16394654995789693,0.09955126304679035,0.9604729828397071,0.20174916113254904,1720697193676408349
0.1337626063729133,-0.6047594123318982,0.5805409619086648,-0.1779191299654963,0.10223731039228887,0.9509384087473366,0.23153500453528628,1720697193701407755
0.12513621672058148,-0.6060023655552538,0.575603717982829,-0.19193425643183865,0.10428122748728519,0.94036708790306,0.2607612064522267,1720697193726407777
0.11649736006487266,-0.6070753107251674,0.5705676860693006,-0.20603954949295833,0.10557759341484506,0.928759402593324,0.28949446956368646,1720697193751369643
0.10786463929406848,-0.6079261679160527,0.5654950240779901,-0.22031668126085827,0.10634380221440816,0.916102293448103,0.31766042187831667,1720697193776403018
0.09923405598147689,-0.6085912180878129,0.5603671931789573,-0.2346178966373197,0.10664406821056327,0.9026654389458539,0.3446397983774793,1720697193801426075
0.09058631077543677,-0.6091075363242748,0.5551396631825913,-0.24890163985983563,0.10622661573567875,0.8883801313154248,0.37087008785883185,1720697193826407552
0.08198641253503608,-0.6094540900462507,0.5497998729717193,-0.2631508463767802,0.1051183037199574,0.8732725024077568,0.39635452667115795,1720697193851420346
0.0734196317134086,-0.6096134441348611,0.5444317465749476,-0.2773702520611679,0.1033712943607997,0.8573938038566166,0.42101779520820587,1720697193876408628
0.0648298084953643,-0.6095998112821019,0.5390271589768383,-0.291576354603359,0.10095389138737285,0.8408065735798153,0.44478741784692316,1720697193901407967
0.05625837604026457,-0.6094144285101162,0.5335697990337875,-0.3056430229857193,0.09802889471194179,0.8235772321328472,0.4676464701182984,1720697193926408663
0.04772332754547787,-0.6090310022390595,0.5280844799521022,-0.3196389264556504,0.09448319463473022,0.8057230254648281,0.4896062590099303,1720697193951416659
0.03924387844688704,-0.6084815173819251,0.522522549462676,-0.33348152056224584,0.09020010685849125,0.7873093202413081,0.5106839046096705,1720697193976373019
0.03079632925596748,-0.6077682195373382,0.5168862272034411,-0.3471461052520782,0.08528307083476676,0.768316511753912,0.5309483187689794,1720697194001421011
0.02236379815326839,-0.606874264235732,0.5112220707453227,-0.3607274055465041,0.07982378585373634,0.7488594717750438,0.5501939600108922,1720697194026408438
0.013979980268162329,-0.6058443520411265,0.505554848431517,-0.37398082528590687,0.0738491099928722,0.7290547152984583,0.5684750419964066,1720697194051408756
0.005679292260867719,-0.6046652553167753,0.4997934475512865,-0.38707076922661904,0.06725012200099431,0.7089086966767695,0.5857491788105287,1720697194076415471
-0.00262284359631193,-0.6033531719836271,0.4939729665519991,-0.39982959187006867,0.060025819300850165,0.6883423016056062,0.602260802561957,1720697194101408022
-0.0108254232780437,-0.6018593382891679,0.48809205303744696,-0.4122818022525707,0.05226887067354775,0.6675383485233078,0.617805984060254,1720697194126408609
-0.019147325268358384,-0.6002136325277967,0.4820835111135347,-0.42462200711652504,0.04376116045832396,0.646167235409749,0.6326523656721729,1720697194151742790
-0.027175979224900615,-0.5984432100704541,0.47626299007331546,-0.43628866830840013,0.035081828617825335,0.6252511807408779,0.6461287984517101,1720697194176407799
-0.03521698746160484,-0.5964725980042851,0.47044097406068264,-0.44790233646372135,0.0257871146545508,0.6038684796629228,0.6588333484104479,1720697194201409547
-0.043162887908569536,-0.5943973927409383,0.46447032023945845,-0.4590203074664229,0.016008918181876077,0.5824653415492214,0.6706550512491691,1720697194226406886
-0.05111319398526065,-0.5922004645883419,0.4584796837994254,-0.4697628350800392,0.005777649303184414,0.5610978180266678,0.6815120953818837,1720697194251407210
-0.05892473908224244,-0.5898901997905633,0.4524566550539655,-0.4799844374647486,-0.005002219240714763,0.5397073499534569,0.6915966266549696,1720697194276410210
-0.06638574211205356,-0.5876215279697614,0.44660039697250686,-0.4891556547701691,-0.015887750525485307,0.5192037867581376,0.7006438129360862,1720697194301416947
-0.07175311929140527,-0.5859202496527658,0.442290796513682,-0.4954762684073305,-0.02388995678883225,0.504380209997634,0.7067765850482862,1720697194326407866
-0.07328523099479073,-0.5852127746982502,0.44110420297546,-0.4978440680962505,-0.026725465327258714,0.49941506637562855,0.7085348437737159,1720697194351407259
-0.07255234925258675,-0.5852075229320326,0.441812409009984,-0.4975838245348683,-0.026107723527548088,0.5006310526055452,0.7078822455045235,1720697194376425395
-0.07190342924785736,-0.5855038308997478,0.44232019991914123,-0.49652165978039214,-0.02504034967685786,0.5026821550709424,0.7072127496236321,1720697194401417508
-0.07176914184853866,-0.5857373481155557,0.442360215512024,-0.49584725180270955,-0.024505284182003432,0.5037200753287092,0.7069661092568009,1720697194426407179
-0.07174953180020016,-0.5857834433904039,0.4423780010919068,-0.49566472866267286,-0.024273995199471182,0.5040641346560912,0.7068568441135876,1720697194451407965
-0.0717716170704929,-0.5857906558219663,0.4423600346980593,-0.4956535025238879,-0.02423400386237494,0.5041171080279262,0.7068283100486007,1720697194476408849
-0.07199288437656298,-0.5857751253632009,0.44242984962951076,-0.49514728078809156,-0.02339167063544123,0.5040281395875318,0.707274794246885,1720697194501408770
-0.07565870183587958,-0.585289966523608,0.44379649406647714,-0.4907725410278062,-0.014006503326899832,0.5020432303153025,0.7119682055627484,1720697194526407261
-0.08508139828935074,-0.5839946388111266,0.44674088605228224,-0.4809402016622479,0.006497046979217873,0.49675759317635326,0.7224169187022567,1720697194551418201
-0.09674271215466712,-0.5823058778849652,0.4503157791885831,-0.46736053389323934,0.03171038629250142,0.49004092982381947,0.7351384018384655,1720697194576416479
-0.10761826439922262,-0.5807361863240705,0.45378047014183875,-0.45193723159023186,0.05675139713465996,0.4835756672374017,0.7474534043548957,1720697194601415656
-0.11824818499399489,-0.5790934918772367,0.45712103959707934,-0.435539986537386,0.08072725087531964,0.47707368497867275,0.759070965189683,1720697194626416701
-0.12906835728895982,-0.5772773228420494,0.46044006524669795,-0.41845873602540656,0.10369384371298526,0.4702688949881443,0.7700565170340914,1720697194651418090
-0.13952307213001344,-0.5755896693327518,0.4634014676644935,-0.4004446653316055,0.12532011727631132,0.4635287414779423,0.7804358039180321,1720697194676409182
-0.1500223292012155,-0.5738167650847614,0.46637770874790724,-0.38148478222306975,0.14614181428027279,0.45663324233932445,0.7903151352731157,1720697194701409333
-0.16068488575165316,-0.5718906036192072,0.46931925686930853,-0.36159637343557366,0.1663383624456349,0.44956160746607654,0.799671165535974,1720697194726409392
-0.1711774443325518,-0.5699944520445523,0.47212335724038995,-0.34068193092239873,0.18546636702959593,0.4423762943473857,0.8086045157203269,1720697194751374812
-0.1816275487685201,-0.5680197434134209,0.4748253297710159,-0.31895991834576887,0.203737291248198,0.4351619429727621,0.816939269488178,1720697194776406713
-0.19221009038188513,-0.5659741509733305,0.47739554219430513,-0.29634920787872976,0.22102107211277067,0.42783619096594483,0.8247927172153755,1720697194801415875
-0.20274849628688335,-0.5638794092306785,0.4798601779513349,-0.27297750122660763,0.23726611395866895,0.42045160284895183,0.8321108848301269,1720697194826406761
-0.21334318237203326,-0.5616818020167506,0.48217933344664604,-0.24882939504661192,0.2525370178906779,0.41294503748805145,0.8389191753498142,1720697194851418349
-0.2239776880712961,-0.5594426692263665,0.4843687993394528,-0.22388227854549642,0.2666962995095079,0.4053699766346439,0.8452366480604351,1720697194876407011
-0.23464788576035153,-0.5570704226658626,0.4864338891660429,-0.19836861633302144,0.2798058935541117,0.3977250794332374,0.8509837337906834,1720697194901417274
-0.24550529640232238,-0.554546073768489,0.4883289477005584,-0.1722190547143003,0.29176340411341567,0.3900252656058544,0.8562096737380087,1720697194926407672
-0.25635583781078985,-0.5519068532102573,0.49012716235733744,-0.14555885055095294,0.30261526992879206,0.3823083781239544,0.8608582481735545,1720697194951416339
-0.26725327697110424,-0.5491541156469144,0.49178034617657973,-0.11834154138951204,0.3122719880638825,0.3744920177502494,0.8650070599096471,1720697194976409104
-0.2782293373120898,-0.5462617739010843,0.49329461042919676,-0.09060218123021374,0.3207740485790275,0.36657749860739325,0.8686289150317837,1720697195001421566
-0.28926011696649745,-0.543242456356384,0.49463712874315524,-0.06258569850684186,0.32802239946934375,0.35870477600528544,0.8716738033575306,1720697195026416584
-0.3004140108022611,-0.5400083814229906,0.4958658912334774,-0.03419648665761216,0.3340957382146109,0.35071581320463513,0.8741905149195577,1720697195051408169
-0.31161892320232154,-0.5365699397803118,0.4969837809660572,-0.005547737809040524,0.33901051144166644,0.34271662019809246,0.8761200910704299,1720697195076409095
-0.32291940239485223,-0.5329356021001274,0.49794149192086634,0.02331172260738985,0.342624672444819,0.33473684523283465,0.8775056363720554,1720697195101408149
-0.334327929740885,-0.5290547586495581,0.4987832206557445,0.05235611808421248,0.34508289255683877,0.3265960698043322,0.8783573540149368,1720697195126408251
-0.3457920372803652,-0.5249557941494359,0.49945198947213376,0.08160571437583995,0.34621946713087653,0.3185521148497188,0.8786336768446747,1720697195151418862
-0.35734979034703607,-0.5205572680792417,0.49997520062897893,0.11085069277632346,0.34611765827197166,0.31047336358374533,0.8783626705685592,1720697195176417095
-0.36895715706705434,-0.5159059768238863,0.5003571164255982,0.1400226266996725,0.34483858102377696,0.3023541287755637,0.8775317645886114,1720697195201421954
-0.3806997452025438,-0.5109239221599204,0.500619526383612,0.16931654560894555,0.3422510795959123,0.29421581968885246,0.8761467670107007,1720697195226408326
-0.3922068805854675,-0.5057778391851558,0.5007589593102243,0.19789989912662156,0.33860514376492346,0.28621874287000204,0.8742202341352687,1720697195251408525
-0.40006329948054353,-0.5019519428810644,0.500788899448764,0.21612722466028436,0.3355154962354333,0.28091055677296795,0.8728159219675332,1720697195276394964
-0.4013185905669237,-0.5015712525911366,0.5007850910944831,0.2208517464561898,0.33485495552194966,0.2801470220176844,0.8721320490064948,1720697195301411553
-0.400267263141699,-0.5022467370371874,0.5008059404292412,0.21961689552006114,0.3352136768786516,0.28096913724347444,0.8720416010445162,1720697195326408608
-0.39978609350648653,-0.5021510422227723,0.500953166454151,0.2177440500420443,0.3355285773377303,0.28117097896912785,0.8723250443765492,1720697195351407597
-0.39850648341759065,-0.499735238055114,0.5016067126537262,0.21688540393894465,0.33511259710760055,0.2811923125656116,0.8726918999120155,1720697195376415492
-0.39221947025241155,-0.49197869645250203,0.504573651126646,0.21649153702836701,0.3345043856153309,0.28169104250896077,0.8728621809709824,1720697195401407590
-0.38197643501054124,-0.479448347328884,0.5110588357387366,0.21583278364946287,0.3354930128299114,0.281252082561249,0.8727874391278746,1720697195426406796
-0.3711945309944184,-0.4666532143142625,0.5171192075592015,0.21529294285082695,0.33661994450595945,0.28078091463198945,0.8726385504307375,1720697195451416623
-0.3612308022306088,-0.4550063816294,0.5202998582059588,0.21546773536813693,0.33575078899530103,0.28132989648864476,0.8727534314146509,1720697195476412930
-0.3512272752473905,-0.4433341700164283,0.5230347383875406,0.2155957490792206,0.33508709969447736,0.2816209989601713,0.872882994187645,1720697195501407380
-0.3406531880313223,-0.4315021611406592,0.5257995646942718,0.21548559524214989,0.33506864277635434,0.28165059463968806,0.8729077301812938,1720697195526408406
-0.3298430052599437,-0.41988598224923374,0.5278163995237675,0.2154140673598068,0.33498599252397127,0.2818255347795066,0.8729006428812386,1720697195551407703
-0.3189118756875956,-0.40831672252288154,0.5292271459886799,0.21537859276613971,0.3348390396135731,0.28194149917218847,0.8729283306052543,1720697195576411260
-0.3076444520536704,-0.39679356591381465,0.5301675685902322,0.2153256236832792,0.3348111323314284,0.28203309053903747,0.8729225150569508,1720697195601416461
-0.2962361959589197,-0.38541687532278596,0.5304270618295275,0.21533799150043667,0.3347071461733046,0.2821593812033644,0.872918529598275,1720697195626417110
-0.28468335600142824,-0.37415522702686,0.5301165167455194,0.21533313862027076,0.33466417796262343,0.2822426142246734,0.8729092931778003,1720697195651417052
-0.2729763423486361,-0.36305216923245204,0.5291923691024136,0.21530232372468092,0.3346125324065292,0.282367931085546,0.8728961645291555,1720697195676407264
-0.2611209640947436,-0.3520600682984409,0.527629385305197,0.2153079393186324,0.33453535426283365,0.2824873262895758,0.8728857304941875,1720697195701419137
-0.2491098601055157,-0.3412284842908496,0.5255374673137988,0.21532597673303527,0.3345066770170999,0.2826373192689393,0.8728437159832277,1720697195726367994
-0.2369644737129699,-0.33050034579651144,0.5228902150349434,0.21533357912985165,0.3345815506263506,0.28272586548612666,0.8727844640372073,1720697195751418649
-0.22482152254587714,-0.319994309613469,0.5196126702495061,0.21533698277749047,0.334641617989126,0.2827630757147893,0.8727485401707751,1720697195776419254
-0.2125762537537755,-0.30967329409076294,0.5157229640307482,0.21536449663552706,0.334656640201704,0.2828965805021403,0.8726927245588961,1720697195801417094
-0.20030189512821156,-0.29954769958643057,0.5112338457024455,0.21542688000868648,0.33463409633113655,0.28304254854032135,0.8726386403650519,1720697195826407969
-0.18798651447929493,-0.2896520625016886,0.5062058169485666,0.21545444462698818,0.33476544744458203,0.283160180124662,0.8725432882553587,1720697195851408921
-0.17734991697479574,-0.2814713702587825,0.5017789860231292,0.21537037437257622,0.33530322049319594,0.28316502477597527,0.8723559599802875,1720697195876409492
-0.17416613182460833,-0.2789591517942721,0.5004992392692779,0.2154041032113599,0.33549566855923124,0.28312664256421566,0.8722860958240818,1720697195901407872
-0.17490297666083165,-0.27931281424261717,0.4999048214787446,0.21562945032370537,0.3344968263560924,0.28342024800948773,0.872518639531007,1720697195926408649
-0.1757451383723612,-0.2800870051769898,0.4999384902056293,0.21542078377095528,0.33412644100331107,0.2837592473103583,0.8726019120468549,1720697195951406951
-0.1752890849790894,-0.28278910280867525,0.500397377860519,0.20987729027708021,0.3349849966748946,0.28747730655600995,0.8724066558916048,1720697195976418951
-0.17271834058092694,-0.2926366252348954,0.5004801818294426,0.1913403318768758,0.33600195442996794,0.3018830977498549,0.8714115900706395,1720697196001408759
-0.1685943460397824,-0.3068026207300455,0.5000341710656795,0.1650220300543027,0.33584886386522755,0.3215543113770399,0.8698138278229602,1720697196026407847
-0.16342186626119157,-0.3214947371618617,0.4991605434214898,0.1377525187418651,0.3339909447925236,0.34120390043663884,0.8677869500653336,1720697196051422056
-0.157283450862385,-0.3359702643184288,0.49808291637765023,0.11141744714592862,0.33075533843267163,0.35994521565324344,0.8652320499716323,1720697196076424587
-0.15029770538864143,-0.3503341251423677,0.4965511624347832,0.08623285492463205,0.3259143368368801,0.3780318485055256,0.8622271517942469,1720697196101417231
-0.1424164361396071,-0.3647715377591877,0.4945321188285748,0.061869047942562705,0.31949432976850617,0.3956996625722785,0.8587883157057034,1720697196126407608
-0.13382592608504984,-0.379147260547383,0.49213510644087416,0.038274793445851815,0.31166811271838984,0.4126312735718261,0.8550634244146613,1720697196151411029
-0.12414412705674577,-0.3935521838487882,0.4892906461075982,0.015348990017783008,0.30241640142655835,0.4293153708315841,0.8508801566738904,1720697196176408443
-0.11284529514806055,-0.40807409354194646,0.4859948830445359,-0.0070303407176304095,0.2917549393889142,0.446255156576312,0.8459822485611719,1720697196201407930
-0.10063294647807985,-0.42237505496120126,0.4822781938629224,-0.02851084891736132,0.27972037105168757,0.4626546546730714,0.8407700732198183,1720697196226407797
-0.08728304087386238,-0.4364422003242644,0.47821682001640475,-0.04917925011546279,0.2664846088011706,0.47868213299962886,0.8351232065851681,1720697196251407295
-0.07284471120306588,-0.4501577414871722,0.47365264978079846,-0.06880588839590503,0.25194875416671003,0.4943024518332126,0.8291276506712145,1720697196276405502
-0.05723667722553816,-0.4634700488188517,0.4685972424223082,-0.08737886400743244,0.23614770389047757,0.5096273870061065,0.8227266389788008,1720697196301410627
-0.04041252741955717,-0.4762923655562434,0.46310120415330375,-0.10487957939736345,0.21922371196858645,0.5245386170995235,0.8159659779105167,1720697196326408759
-0.02250802562761617,-0.48848940234996246,0.4571561069022449,-0.12117750824980175,0.20127749350196456,0.5390349259389278,0.8088539613069534,1720697196351420923
-0.0034483646406975044,-0.49995894327459417,0.45088960726589805,-0.13628178015889592,0.1824632938772271,0.5531868207968702,0.8013231333743251,1720697196376418371
0.01682914218794776,-0.5106782328247186,0.4440952166227554,-0.15015033714196746,0.1625996534701324,0.566967949999604,0.7934504222828247,1720697196401409983
0.03814171223043397,-0.5204718809781651,0.4368912662160086,-0.162676551941251,0.1419271004386937,0.5803008352828767,0.7852668197368116,1720697196426410149
0.060475366091399974,-0.5292774148143579,0.4292717481478221,-0.17387727154214533,0.12054555273929143,0.5932156748461491,0.7767436045907721,1720697196451410652
0.08377620166004221,-0.5370635055306268,0.42112637632355954,-0.1835733301153198,0.09838419424069371,0.6056865419833447,0.7679617149664685,1720697196476417900
0.10794697190135003,-0.5435565434052108,0.41275335527372836,-0.19200383073053523,0.07580290800765327,0.6176741615769559,0.758859063491099,1720697196501408768
0.13308286251357715,-0.5490066708747299,0.4036920817941453,-0.19869129019105455,0.05253666933185984,0.6293089613893977,0.7494877588678327,1720697196526408922
0.15894111399726396,-0.552931596920151,0.39438706408967217,-0.2041168939936422,0.02892502971067763,0.6403870069011218,0.7398676352124394,1720697196551407282
0.18560584147415737,-0.5555006792709593,0.3846625797861069,-0.20795184862256816,0.0050074968881570255,0.6510773029977808,0.7299515731543481,1720697196576425249
0.21282792781223506,-0.5565481703277735,0.37455419103911053,-0.21038113576402342,-0.019234046803285505,0.6612922599426108,0.7197655007696624,1720697196601421086
0.24058978114422988,-0.5560610320669028,0.3639119115744428,-0.21108470775870908,-0.043677206199626034,0.6710143644386631,0.7094189668496275,1720697196626407791
0.2688133357490074,-0.5539828330534897,0.35293282077182897,-0.21032527956517902,-0.06822096095062823,0.6802304614436203,0.6988531294821548,1720697196651415611
0.2973695319338294,-0.5502159693936086,0.3415324646156752,-0.20795974819317856,-0.09263120509970044,0.689026450927096,0.688051417334502,1720697196676416801
0.3256633319783441,-0.5448368555405836,0.3299440097216654,-0.20401036637124328,-0.11630001527191698,0.6971909536396771,0.6773321570867726,1720697196701407015
0.3482543096509765,-0.5392297762158753,0.3203825911057163,-0.199423418171816,-0.1345775127172646,0.7034590551197563,0.6687784021075467,1720697196726407963
0.35622005149139613,-0.5369352842040158,0.3172317224741384,-0.19808774257482223,-0.14129858789021102,0.7054077284054283,0.6657295937599114,1720697196751407450
0.35444576929626836,-0.53759869938109,0.31867588166305105,-0.19967092653877788,-0.14055438843867485,0.7044547511544542,0.6664229051898591,1720697196776409465
0.35255156382749986,-0.5382866801191146,0.31932140424961086,-0.1998973907625809,-0.13896295718018636,0.7038960274403764,0.6672785866875293,1720697196801418538
0.3540538670341081,-0.5374755877268645,0.31975664058816855,-0.19859700963171412,-0.1428232708647163,0.7034857201953355,0.6672844839692401,1720697196826409724
0.36280732263263826,-0.5318585891344147,0.32437844373856317,-0.19719786667239075,-0.15809109317469694,0.7031641787963046,0.6645903590155412,1720697196851417847
0.3771876969199567,-0.5218277173084019,0.3324932833202668,-0.19474652066953108,-0.18170687908626712,0.7029363740807447,0.6594974274203472,1720697196876408421
0.39193142772632716,-0.5111657995075585,0.3402873570746537,-0.1897337445568105,-0.20793653572663096,0.7015874106777703,0.6546286034576555,1720697196901421901
0.4058032406568895,-0.5006593428775994,0.34720811771463256,-0.18273106652762489,-0.23400990167825608,0.6993851682814671,0.650160833663574,1720697196926408557
0.4191733904738001,-0.48970327953024395,0.3541892727792972,-0.17470445393241057,-0.25907874886622206,0.6969311129454858,0.6454793408550407,1720697196951419154
0.4322216079595005,-0.4781671891192727,0.3611446583861221,-0.16556994911296455,-0.28325446644938623,0.6943537369385945,0.6404891780402014,1720697196976407969
0.444924080252684,-0.4661276492125951,0.36788652566563934,-0.15504800792279594,-0.30707314849551115,0.6913988043189578,0.6353218791278497,1720697197001419254
0.4572399243522992,-0.45359351249631497,0.37464395689881935,-0.14315979536954612,-0.330240538112061,0.6881125591159593,0.630037749634172,1720697197026408048
0.46923020307380603,-0.4405326867681341,0.3812237676222675,-0.1299510003653625,-0.35278256613041087,0.684541065270187,0.6245484196579489,1720697197051423679
0.48076081473980437,-0.42701867740811567,0.3877505767723114,-0.11560507908700789,-0.37469672722210356,0.6806120079816653,0.6188740767631947,1720697197076424092
0.49186199084188975,-0.41298391362590964,0.3942114389828076,-0.10004846267030953,-0.39594156183875595,0.6763687139264977,0.6129811967323383,1720697197101418224
0.5024858564963534,-0.39855538357913156,0.40048732388257363,-0.08329863073511058,-0.416424464990993,0.6717353222492152,0.6069791264264071,1720697197126419002
0.5126784717991121,-0.38363626810658386,0.40667425934756163,-0.06535555610921108,-0.43608535657880293,0.6668008155108217,0.6007785661100912,1720697197151409625
0.5223011048022035,-0.36829207445345924,0.41288358725033125,-0.0464047163796747,-0.45482365041107764,0.6614967919308511,0.5944779588762366,1720697197176417865
0.5313706917190653,-0.35260214233083365,0.4188854636384562,-0.026388372555379364,-0.472641614278636,0.6558594566532554,0.5880152475612006,1720697197201408933
0.5398786812481361,-0.3365374476137799,0.4247991054795572,-0.005365954689691903,-0.48956280200906244,0.6498298212188894,0.5813954530901745,1720697197226408341
0.5478521632411426,-0.32001042526086154,0.4306560215456316,0.016599024895056214,-0.5053690111409692,0.6435650258363955,0.574587410644483,1720697197251418820
0.5551801183793005,-0.3031590357166887,0.4364420028911362,0.03947251104837698,-0.5201646514474096,0.6369074997844607,0.5676438081882317,1720697197276409481
0.56189012174955,-0.2859964876862561,0.4421409737369679,0.06313953393812623,-0.5338127498495241,0.6299149462967693,0.5605929965528503,1720697197301409339
0.5680066285604238,-0.2684929570359326,0.44769599372432534,0.08764706179664823,-0.546238976235826,0.6226203515260785,0.5534300960959689,1720697197326408585
0.573409828982709,-0.25065848075287045,0.4532850992525093,0.11286289955398793,-0.5575455119428911,0.614996116296407,0.5460629496284677,1720697197351408961
0.5781130983006759,-0.23251971713568126,0.45891325500590796,0.13859010309309877,-0.5673380841601596,0.6072201005947748,0.5387058854512313,1720697197376420485
0.5821634935032123,-0.21426749714637364,0.4642637184449503,0.16495866319782018,-0.5759885879657881,0.5990473207019509,0.5311949675297946,1720697197401417070
0.5855323066492023,-0.1958614994571672,0.4694628181587637,0.19200118285060286,-0.5836469164299698,0.5903876009969536,0.523387335837255,1720697197426407891
0.5881283299075606,-0.17718582754222528,0.4747383301284538,0.21941227711346034,-0.5898511801231352,0.5815555497148616,0.5154871293786842,1720697197451418510
0.5899722385518542,-0.15838661867507087,0.479946795102407,0.24720435035995242,-0.5947312447097993,0.5724180942170422,0.5074665320412532,1720697197476409269
0.5911107837314858,-0.13946220085839728,0.4850445100472003,-0.2752985758937516,0.5982731449699759,-0.5630268259566272,-0.4992802132788885,1720697197501408473
0.5915193785083651,-0.12049356606570424,0.4900101076006338,-0.3037020926067429,0.6004378074481175,-0.5532960929291988,-0.4910223130189363,1720697197526407562
0.5911033884389644,-0.10142943043887082,0.49495013272469823,-0.33237211709324577,0.6012024326189772,-0.5432476474685668,-0.4826659344845517,1720697197551408733
0.5899102088971642,-0.0823911328773795,0.4998205082034466,-0.3611552223186911,0.6005461505302786,-0.5329023205926265,-0.4742640015668426,1720697197576408824
0.5879464848067957,-0.06332068361863558,0.5046164265681957,-0.38994519342462475,0.5986141395250156,-0.5223482485878216,-0.4655707951353828,1720697197601423136
0.5852210688708501,-0.04413970054345193,0.5093923565399621,-0.41885687087942636,0.5951786796923119,-0.5115563148857851,-0.45676186099245136,1720697197626407780
0.5816475182882238,-0.025078726950578195,0.5141586483534178,-0.4476578995695612,0.5904419976034246,-0.5004870177020496,-0.44776489090900634,1720697197651417433
0.5772796178686657,-0.006308621898247288,0.5188476318399423,-0.4762498827873897,0.5842929227740264,-0.4890926541937482,-0.43883505461038314,1720697197676418921
0.5721773123369077,0.012265794770230628,0.5234744422604928,-0.5045507233570479,0.5768207247084265,-0.47748691776144364,-0.4297821104622687,1720697197701416883
0.5662438604602315,0.03069193641319282,0.5280303671843222,-0.5325099424738048,0.568055093293759,-0.4657345376752124,-0.42052100133765014,1720697197726395665
0.5595338514796943,0.048726433581231104,0.5325832010385011,0.5598857952704114,-0.5580829827012349,0.453867016255575,0.41118853611083794,1720697197751415395
0.5528311305342264,0.06443258587635849,0.5367922656056945,0.5836352178396043,-0.5481303038530525,0.443367129527584,0.40292516792792776,1720697197776388835
0.5497331203420512,0.0706970584086341,0.5389237678041053,0.5931922467324102,-0.5439806306968527,0.4391131289099237,0.39923388115507746,1720697197801381033
0.5505544129254509,0.070228255486655,0.5375749762428556,0.5941789996514637,-0.5435733780765889,0.43740783341556233,0.40019206174822514,1720697197826380172
0.5514328482814704,0.06944819552204726,0.5366194392332178,0.593090228030735,-0.5438876305433658,0.4377219406429439,0.4010358206396895,1720697197851408341
0.5511871975094473,0.06908130038398438,0.537331914536445,0.5915980758730379,-0.5446113962712279,0.4391147207458667,0.40073483215101524,1720697197876418465
0.5511706117099895,0.06876486511006008,0.5375572624536875,0.5908638945988436,-0.5449877843564797,0.43965475643949137,0.4007141975296524,1720697197901416925
0.5514105893512377,0.06860720880517493,0.5372132142319075,0.5908323598480871,-0.5449500022531693,0.43948274693112976,0.40100066427685616,1720697197926407234
0.5512875078991603,0.0686241166799215,0.5374019025648247,0.590693134067067,-0.5450292079795415,0.4396722470527883,0.400890382756648,1720697197951407071
0.5512808997577143,0.06853111785718878,0.5374353832807879,0.5905458362949164,-0.5451105911251451,0.43975670640250347,0.4009041005676484,1720697197976394146
0.551373102471692,0.06849991346194079,0.5373213916861819,0.5905117723617637,-0.5451017720883503,0.43973912519266095,0.40098554405751596,1720697198001416581
0.5513044239124713,0.06844452868885806,0.5374119087937544,0.5904127711094125,-0.5451837861818457,0.4397912278331839,0.4009626851919176,1720697198026407394
0.5512950418903321,0.06838108670217437,0.5374278310211216,0.5903400569363977,-0.5452416379283264,0.4398003924579884,0.40098103226881693,1720697198051418063
0.551319464331361,0.0683836999624782,0.5373822871231121,0.5903452408458719,-0.5452817123973304,0.4397828049216152,0.400938193779217,1720697198076417043
0.5512881300304545,0.06840208745862354,0.5374003805240596,0.5903933313380416,-0.5452928883649416,0.43974012762279163,0.4008989902313048,1720697198101418628
0.5512872932669585,0.06844166793994819,0.537408331021927,0.5903934278353216,-0.5452860461136079,0.439774629341421,0.4008703077932603,1720697198126409001
0.5513107384868234,0.06846591080363343,0.5373676454782104,0.5904460946555931,-0.5452677385953066,0.43973039655712787,0.40086616332241104,1720697198151423658
0.5512971119016322,0.06847090507339218,0.5373744337811973,0.5904307650998439,-0.5452665523095637,0.43975569819208665,0.40086260048007133,1720697198176407706
0.5513202627599094,0.06844737227139311,0.5373304627071558,0.5904669469211188,-0.5452503429216733,0.43968586426568823,0.40090795564865644,1720697198201407557
0.5513135320101258,0.06845363187340997,0.5373402595546362,0.5904511625162921,-0.5452772808305203,0.43971324736666084,0.40086453046322107,1720697198226389929
0.5513126123446879,0.06846453375414621,0.5373410511104314,0.5904544182564826,-0.5452222013189596,0.4397229908805359,0.4009239609219968,1720697198251419885
0.551335675832272,0.06842614559980192,0.5373180717279884,0.5904581964039094,-0.5452832965857609,0.439678091389597,0.40088454786385624,1720697198276421092
0.5513118170755795,0.06842629908499342,0.5373507002542596,0.590442012904337,-0.545246459444535,0.4397031494255021,0.40093100185190034,1720697198301408845
0.5513114064771918,0.06845899714908875,0.5373652370640666,0.5904365445609985,-0.5452566504695221,0.43975017987996257,0.40087361008323535,1720697198326918844
0.5513100227074577,0.06845229939346113,0.5373411259009403,0.5905153731787106,-0.545229777947707,0.4396407099286177,0.4009141173021515,1720697198351418528
0.5510948940922255,0.0686122373158244,0.5377351714368268,0.5915000327568998,-0.5456698302057225,0.4384273139369321,0.4001920014766552,1720697198376418962
0.5493770893967785,0.06960036265644653,0.5415598498809632,0.596492353247378,-0.548862162237107,0.43233975619828446,0.39500573994844773,1720697198401412238
0.5452172463487207,0.07136744199269102,0.5497190326034622,0.6033210554331891,-0.554809344029161,0.42403634352165853,0.38520575699448845,1720697198426407732
0.5406026680647346,0.07343701934074108,0.558021828057236,0.6109876726895973,-0.5609300588050027,0.4142493991832316,0.37476521747181585,1720697198451423794
0.5364796260100085,0.07543010925637589,0.5650524587304189,0.618752801675705,-0.5665450760926305,0.4035264527370818,0.3651548289631245,1720697198476418823
0.5320131170765978,0.07747044711602855,0.5721793932521357,0.6260172800640532,-0.572030475338074,0.3930019591776958,0.3555741278948661,1720697198501409163
0.5269615943336157,0.07955638012477512,0.5797309216150885,0.632791599144445,-0.5775347800895018,0.38273196451110975,0.34575224248101893,1720697198526419107
0.5217581438001437,0.08163027725276772,0.5869270140070528,0.6393696733314845,-0.5828038883035633,0.37216209876311895,0.3362163304279982,1720697198551420506
0.5162591433164893,0.08375031729023505,0.5940728694074209,0.6457248861663523,-0.5879538994494535,0.36140744351035736,0.3267020711335348,1720697198576416494
0.5103600663429437,0.08589666983886146,0.601315648337828,0.6518145444286249,-0.5930597189654282,0.35053222273116763,0.31708852114054614,1720697198601408133
0.5042130991529221,0.08808806917447119,0.6084503890477139,0.6576958560482936,-0.5980799782195754,0.3394187467921985,0.30745961509731323,1720697198626409539
0.4978532437611174,0.09031728256784995,0.6154024907235006,0.6633810941372694,-0.6029709814581699,0.32803907495302537,0.297895761575377,1720697198651407299
0.4912265245388844,0.09251807527303366,0.6223357899424278,0.6687596700286693,-0.6077355588016193,0.31659010610807603,0.28842451183230955,1720697198676380638
0.4842863823514004,0.09474536433885314,0.6292574721823432,0.6738998830915814,-0.6124131055936083,0.30496661020426696,0.27893458431478785,1720697198701408483
0.4770437303877888,0.09700002905062349,0.6361340307561743,0.6787842657179132,-0.6169845681823911,0.2932117984269143,0.26946020949638627,1720697198726408330
0.46958550208869726,0.09922221262699209,0.6428846870428452,0.6833853506306974,-0.621471594434535,0.28128189402180004,0.2600730973204732,1720697198751417369
0.461845451068916,0.10145882119879292,0.649598032099457,0.6877424582988024,-0.6258413608188486,0.26924419551406276,0.2506800058311731,1720697198776417086
0.4538692185612691,0.10369569918380138,0.6561740442569893,0.6918910464710993,-0.630047463133447,0.25699862668383416,0.24140977588916734,1720697198801408059
0.4455927214594448,0.10593326348946391,0.6626988139236867,0.6957805972200339,-0.6341503368276069,0.24457831220771803,0.2322157618061048,1720697198826408848
0.43709678862336343,0.1081621389086751,0.6691683174730481,0.6994135753953834,-0.6381642031431054,0.23208914288814408,0.22293884841547543,1720697198851409748
0.4284018657959769,0.11038174396689651,0.6754342893104942,0.7027981741267737,-0.6420492218224684,0.2193817435740126,0.21382042415929786,1720697198876407122
0.419490587241917,0.11257478106944394,0.6816483501927495,0.7059144559825691,-0.6458361394099691,0.20657952996288875,0.20470798632972897,1720697198901408958
0.4101012224197201,0.11482276107927292,0.6879272791906487,0.7088417459173363,-0.6495865674926591,0.19339022085903532,0.1953993169232208,1720697198926809283
0.40080443436422936,0.11695286866548696,0.6938990641441064,0.7113913255931715,-0.6530963992452387,0.18059226971879144,0.186477632121145,1720697198951366517
0.3910768481309479,0.11909337148122973,0.6998866782391069,0.7137604208315089,-0.6565077941746601,0.16737933361894078,0.17756051509169643,1720697198976417692
0.3812264881848687,0.12118420694991319,0.7057492009179283,0.7158371270951311,-0.6597927730543496,0.1542405081742187,0.16870260737641002,1720697199001418757
0.372201222772078,0.12293276174590181,0.711036878577677,0.7173896803509311,-0.6626122425694732,0.14294546497307653,0.16082181620250938,1720697199026395730
0.36753298429394193,0.12370211999570127,0.713744241911435,0.7180358698707141,-0.6639419520702338,0.1377554302871028,0.1569363415101471,1720697199051418977
0.36800547338727385,0.12389339793891826,0.7133133838405055,0.7181651610863986,-0.6640249423717172,0.1364295399025746,0.15715170362409858,1720697199076409244
0.3692754134056946,0.12382479264052372,0.7125168348331986,0.7180767143262244,-0.6638425993122203,0.13670725203124998,0.1580821397973633,1720697199101408711
0.3705914703381742,0.12373666063304775,0.7115319417179427,0.7176944672213721,-0.6633191244214861,0.14007241726230504,0.15906636608296118,1720697199126408194
0.3780926926144006,0.124033224225083,0.7049520477920002,0.7165510602079717,-0.6611665970766724,0.14910726942927302,0.1648645845178132,1720697199151416837
0.3947201875268293,0.12506884872748256,0.689033633965846,0.7146069938212252,-0.6565984170098798,0.16266452091111008,0.17820105723219118,1720697199176409271
0.4145153949097226,0.12655026933603924,0.6676330621156442,0.712017907319364,-0.650408252324322,0.17895373186314203,0.1948721807165645,1720697199201407831
0.43095499639506135,0.12795444851421356,0.6470963994474118,0.7088562748528174,-0.6441424673879718,0.19678530647886414,0.20947268667571467,1720697199226408092
0.44405534927350465,0.1292502134614456,0.6278754034015599,0.705360573948418,-0.6380335755831434,0.21449064742399968,0.22220121357765124,1720697199251407842
0.4562378708733385,0.13060513094187765,0.6077491091789529,0.7018307293602318,-0.6315820712019283,0.23087090508364067,0.23502412609736045,1720697199276392066
0.46747037387299617,0.13199244666437784,0.5866992529652718,0.6981695580031644,-0.6246749886153509,0.2466613254038647,0.24798914779902384,1720697199301410371
0.4769897290443684,0.13332657329373196,0.5655331928314038,0.6941417611943688,-0.61750259455265,0.2627086041563362,0.26046487361821924,1720697199326408353
0.4850937278768013,0.13460695470704143,0.5440298916513218,0.6897891854228936,-0.6100596983768055,0.2787697996309942,0.27259024726449294,1720697199351422366
0.4918661597866342,0.13583507895592642,0.5221395128428032,0.6852014431063713,-0.6022563298841589,0.29469910255322584,0.2844973364264291,1720697199376408522
0.4970249930485313,0.13696168364222228,0.5001825376798392,0.6802832030320392,-0.5941604925107671,0.3107301458423836,0.2960318382819712,1720697199401422799
0.5007261840994807,0.13801786567500537,0.47805707069088815,0.6751546296315477,-0.5856926751019788,0.3266070209878978,0.30734047937163517,1720697199426408205
0.5029654976184208,0.1389427490934519,0.45590791150773435,0.6697177837325198,-0.5768774303333333,0.3425024216536901,0.3184063625083045,1720697199451408504
0.5036689331306712,0.13968994135712098,0.4339412447823643,0.6640003796596649,-0.5678500590990245,0.3583078069802152,0.3290369609178945,1720697199476408140
0.502938382282555,0.14034934131439553,0.4120846319130953,0.6579913183254125,-0.5585021257917238,0.37416227304204414,0.3393013320435424,1720697199501397893
0.5006816201261319,0.1407667142531825,0.3900794439675261,0.6516043834260451,-0.5487043996677029,0.3900843374908298,0.3495274222855906,1720697199526758153
0.4969903442995659,0.14104971395973492,0.36925665405202684,0.645139535704738,-0.5389262609736994,0.4055592204743272,0.35899189878302146,1720697199551407372
0.49187112460510785,0.14110788190349077,0.34842154973781597,0.6383133770985858,-0.5286084190212414,0.42114962447201004,0.3684591778799208,1720697199576406685
0.48531864666713187,0.14091319399986893,0.32805888689644985,0.6312063946304068,-0.5179833252594545,0.43663223799991324,0.3776559954112052,1720697199601415801
0.4773997505488406,0.14051438612275893,0.3083462702328153,0.6238637264306245,-0.5071818099992702,0.451978462907464,0.3863626942624835,1720697199626407572
0.46813972087474104,0.13985301310643233,0.2892950951830325,0.6162923185421845,-0.4962315853616962,0.46711603779969324,0.39463983456517887,1720697199651406624
0.4576237274813198,0.13898604586001556,0.27099634881950896,0.6085584425592615,-0.48503962022747765,0.4820211344850051,0.40255287194257994,1720697199676422832
0.4459457432066293,0.1378656986552602,0.25374050025277106,0.6003337416119995,-0.4735855207232905,0.4971305952702641,0.41009428731648995,1720697199701408411
0.43299710906175537,0.1364502170820706,0.23733875834573737,0.5917975792419997,-0.46186804634719963,0.5121583299004842,0.4173096908535401,1720697199726407058
0.4189162999169842,0.1347874388690522,0.22181943646485117,0.5830388421300693,-0.44986986114867206,0.5269998069744716,0.4242098773562123,1720697199751407469
0.4054045438567658,0.13307563178976697,0.20849438832008116,0.5754704290932472,-0.43865261351495083,0.5395790369441649,0.4304324950397503,1720697199776409146
0.3971459448010536,0.1319545650382252,0.20138365034521657,0.5705591014068632,-0.43217170459440185,0.547315711500517,0.43374582591011124,1720697199801417749
0.3958432522307571,0.13174587187095932,0.20073634336485496,0.568939899379882,-0.43148270114651494,0.5494602662786485,0.43384730641772284,1720697199826408282
0.3973228341219494,0.1319134315666762,0.20198581409792873,0.5699499454635131,-0.432665201406149,0.5479004197631283,0.4333162969260478,1720697199851417673
0.39837365601303415,0.1320488722342879,0.20261343765774448,0.5712744102467122,-0.4333618825541324,0.5460907638173383,0.4331603682469182,1720697199876408579
0.3987551255200116,0.13213481191181387,0.20274773088911852,0.5719448339375448,-0.433538047152823,0.5452482945707565,0.4331606698105825,1720697199901408551
0.39883190461009116,0.132175834892237,0.20277219419903658,0.572088546958958,-0.4335636667085478,0.5450931158133441,0.43314055044699723,1720697199926408095
0.3988808451725618,0.13217125788868786,0.2027917537615968,0.5720825062435226,-0.43358861253082825,0.5450797056778554,0.4331404340301927,1720697199951418442
0.3992181784426385,0.13176672066913625,0.20301334682064814,0.571451040741789,-0.4339857463702773,0.5452832136387665,0.4333200859714893,1720697199976409347
0.40569430710114973,0.12379278469053612,0.20664608689512137,0.5596654839260339,-0.4431189836168421,0.5483348726384594,0.4356018593954573,1720697200001415800
0.41904542070781187,0.10499357811354038,0.2136299790036452,0.5335022663381401,-0.4618606972583211,0.5538925670087957,0.4418857910733637,1720697200026407195
0.43611370112708536,0.0768494058552871,0.22375417225524002,0.4946814889020121,-0.48638837803688756,0.5616797446055738,0.45081308182899016,1720697200051408042
0.4508967763714667,0.04686112039353569,0.23419320338569988,0.45356420762755684,-0.5081059581206508,0.5694905844214332,0.46020464919078824,1720697200076407871
0.4623047986215783,0.017778224006974024,0.24387537996876058,0.41405282659336257,-0.5255261632233387,0.5763791630880968,0.4692223022360177,1720697200101403723
0.47135593769045875,-0.011959284954790273,0.2536805906199244,0.37423912439232637,-0.5401869802403348,0.5824089294103515,0.47847982517132454,1720697200126920482
0.4780121455258818,-0.041396347643890725,0.26290694016279975,0.3356621179346013,-0.551726753038831,0.5872532348034116,0.48791615138035327,1720697200151406555
0.48245956288575187,-0.07191473825348424,0.27240217773456815,0.2956380985837224,-0.5609347833057038,0.5917894249238048,0.49773040904885124,1720697200176407759
0.48467174779563943,-0.10318266024181531,0.28161255682691305,0.2553674031086804,-0.5675278002339049,0.5953861044683689,0.5081486711555728,1720697200201415441
0.4845655681833916,-0.1348563683516099,0.29101552467167696,0.2144578578508314,-0.5715668416090806,0.5985084366555987,0.5187550713305114,1720697200226407995
0.48208867417391926,-0.16667473641083153,0.3003246356159952,0.17362376713131927,-0.5729905885477837,0.6008324369013051,0.5296573946335814,1720697200251407893
0.47732421796235414,-0.19839470501926712,0.3095557374082812,0.1328361544044071,-0.5718285463275236,0.6025378554981747,0.5406614489490266,1720697200276408038
0.4701912602083283,-0.23003178715154055,0.3187682275109781,0.09230937727672686,-0.5680128574811669,0.6034285459441969,0.5520093862811888,1720697200301408790
0.4607360900092137,-0.2613017456546257,0.32792233263689363,0.05206931642173509,-0.5615842570190264,0.6036492616853244,0.5634886666318356,1720697200326408781
0.44900988859447377,-0.2920286684643777,0.3369920293173891,0.01242308170322452,-0.5525285189498168,0.6031340171746364,0.5751410784450213,1720697200351416951
0.4350274738923854,-0.3220882590759221,0.34601282046567283,-0.02650520990574605,-0.5409616703985941,0.6018175783087699,0.5869186889561304,1720697200376424022
0.41891410052132644,-0.3512520994359674,0.35495747379853976,-0.0645433749721912,-0.5268816775404505,0.5997757479807326,0.5987477789132184,1720697200401417772
0.4007777900654934,-0.3793102422126041,0.36374300787689573,-0.10140937191850584,-0.5103593959283815,0.596976483484271,0.6106295967617895,1720697200426408321
0.3805929317550929,-0.4062202579831945,0.37239548577117865,-0.13704649362103152,-0.4914703320909524,0.5933743277015203,0.6225609034346425,1720697200451409044
0.35844762967033644,-0.43174382976114273,0.381008014747389,-0.17138331626132206,-0.4703559509412971,0.5889964043974754,0.6344101779828453,1720697200476387438
0.3343761804724683,-0.4560147267895187,0.3894190180044746,-0.20424858269061044,-0.446982566958732,0.5837361972296161,0.6463289822897982,1720697200501408708
0.308621749919319,-0.4787210646099826,0.39766905560610305,-0.23547554188038797,-0.42147195630002504,0.5776885991092967,0.6581706022665443,1720697200526408799
0.2813785430173254,-0.4996429736826575,0.4058068441283029,-0.2647983872544769,-0.3940516296790749,0.5708997949305203,0.6698347194666631,1720697200551422772
0.25278142309149365,-0.5186681570047397,0.41392895060457724,-0.2923736450270779,-0.3647241904586739,0.5634413148239023,0.6811958612156696,1720697200576411468
0.22281234271719647,-0.535815245177651,0.42186698063325584,-0.3177896131830243,-0.33378697835079574,0.5550553693624055,0.6924662820516193,1720697200601421089
0.19168604426208552,-0.5510477840565274,0.4296092789251955,-0.341012578737863,-0.3011728881504022,0.5459153450561042,0.7035493931615411,1720697200626408837
0.15945293089187154,-0.5642829662561105,0.43721130096412686,-0.3621925412083449,-0.2669127266169066,0.5360598500395674,0.7142926547561065,1720697200651418030
0.12655372522729605,-0.575373922773843,0.44457996114309656,-0.3807024153329906,-0.2316669448798945,0.5253585483566082,0.7248410124146402,1720697200676408619
0.09274403485756091,-0.5842650702425165,0.45191184652432215,-0.39711982662296336,-0.19496925985266156,0.5139784354945135,0.7349210834246527,1720697200701409080
0.057808821354131124,-0.5911065083669638,0.4591690832586128,-0.4110838564636041,-0.15688561263869086,0.5015043713617965,0.7449096139848129,1720697200726829988
0.023647081176625284,-0.5955476915955795,0.4658820950597533,-0.42214609975431927,-0.11926899261500364,0.48874916991328216,0.7541165869889722,1720697200751406796
-0.010268345700296388,-0.5978477559275185,0.47235140416144106,-0.4304667131704862,-0.08170867425344344,0.4754479979155463,0.7628704363665181,1720697200776418771
-0.034037715254673695,-0.5981487024288871,0.4765659872405358,-0.43497423861302564,-0.0560543593216123,0.4657154673682954,0.7686120113542283,1720697200801408247
-0.040671018975180606,-0.5980941171406235,0.47815531176846143,-0.43614350124768864,-0.04756397081046945,0.4632967624935271,0.7699822237319278,1720697200826408045
-0.03546999975322135,-0.5982771988898807,0.477492706527309,-0.43542503956595946,-0.051915649671202234,0.46594559582106515,0.768507971313995,1720697200851418429
-0.029699313242529946,-0.598220914087839,0.4768583324843608,-0.4347925531468945,-0.057527707633882555,0.46855576734290033,0.7668777552335844,1720697200876424916
-0.028665573964446245,-0.5981422937067888,0.47654058390843934,-0.4346675340837878,-0.059798014809813754,0.4686744817796631,0.7667023949140166,1720697200901409315
-0.028735937803012646,-0.5982434081094304,0.47625345061602625,-0.4345351995798973,-0.06037405041479842,0.4684523200896267,0.7668680187393501,1720697200926408464
-0.028650046032031973,-0.5982850026214094,0.47619412181290105,-0.43448385326404376,-0.060415174768783046,0.4684831497007329,0.7668750395970434,1720697200951407395
-0.030533756466611495,-0.5967483961196893,0.47686376478805326,-0.4330143110868543,-0.05626194771099273,0.467782088078495,0.7684485133739708,1720697200976417909
-0.039603267634880424,-0.5894453438355776,0.48051600999701016,-0.42747444283224467,-0.03757684111107401,0.46447467038700024,0.7746720998630727,1720697201001411834
-0.05701653103774307,-0.5740454298975143,0.4883550365060373,-0.4161256343613181,-0.0009983910846172955,0.4578217664936706,0.7856447605420961,1720697201026407595
-0.07673465229207177,-0.5540158247363696,0.4977693600923193,-0.3988253996910427,0.043447905414929835,0.44948710766718164,0.798130265130528,1720697201051419619
-0.09317224684988598,-0.5346868322757992,0.5050532584857491,-0.3771128158351674,0.08444094681229594,0.441822649107859,0.809597676237789,1720697201076416949
-0.10715560833638682,-0.5167896799274507,0.5102650824334083,-0.35275409055687346,0.12068888177885927,0.43433908361516504,0.8199684785738415,1720697201101409348
-0.11983360200117987,-0.49870470112409104,0.5151722111605266,-0.326837715150761,0.15470696210804655,0.42614403666523437,0.829243102983069,1720697201126409197
-0.13080709754444222,-0.4806319749281377,0.5195688669799936,-0.2988578474806402,0.186367651468167,0.4177674572922963,0.8375090668840592,1720697201151424477
-0.14044469900645898,-0.4628726824443263,0.5229210291909256,-0.2684373413318096,0.2153455476799869,0.4091599173984964,0.8450774230019233,1720697201176409387
-0.14898298818149502,-0.4451220589830809,0.5255959402657715,-0.23580202735705832,0.2420374704300242,0.4000342460044722,0.8519318451764611,1720697201201423024
-0.15571167511347614,-0.42782776119635735,0.5275931455483823,-0.20140550241301394,0.2660304532838855,0.39112536766536976,0.8577205653894286,1720697201226409501
-0.1616891340900514,-0.41088395642446673,0.5286315734377086,-0.1650676896447362,0.2871607186715953,0.3816666489251959,0.8629147979873639,1720697201251419084
-0.16657826941766207,-0.3943670410903275,0.5289224179840061,-0.1272488697568991,0.3053628869352103,0.3719117314865617,0.8673193739395272,1720697201276412070
-0.17035733516485213,-0.37837965347325336,0.5284654376116046,-0.08813605290469276,0.32068683947758864,0.3619565885580378,0.8708498235423165,1720697201301410224
-0.17338904603001276,-0.3625387260548672,0.5271219134829914,-0.04673882198072173,0.33310026038320484,0.3514549647115611,0.8736927988899136,1720697201326933287
-0.17542812098338953,-0.34795692824513297,0.5251175131769943,-0.006475843640280459,0.3419643876361387,0.34105639149264483,0.8756134757184834,1720697201351407236
-0.17680533292977862,-0.3337348857650667,0.5223726769917567,0.03526769152466545,0.3477973146246885,0.3303861847752247,0.8767201302491278,1720697201376407600
-0.17745164229816496,-0.3201280738260556,0.5187838374821722,0.07746681760935037,0.3504065498305585,0.31943119949162896,0.8770278506391135,1720697201401407765
-0.17751983858720058,-0.3072401739281236,0.5143541765513675,0.11993392758950364,0.3496219906566703,0.3083485461102109,0.8765280889817177,1720697201426383727
-0.177155083027552,-0.2950583510408341,0.5090989877196733,0.16214328791027363,0.3454835543464915,0.2971732307446545,0.8752363902344014,1720697201451419909
-0.17642051822408034,-0.28462598889471674,0.5037386004449574,0.19944972636571362,0.3389941448158184,0.2871278400766001,0.8734187883748439,1720697201476420679
-0.17585133160055166,-0.27890430703662095,0.5004699277028719,0.2207018350632726,0.3341633019031184,0.281590318421346,0.8719704583483745,1720697201501408475
-0.17596551582720543,-0.2780168120634391,0.49949644155204265,0.22558379413233157,0.3326267950124825,0.2807467681714525,0.8715805293980989,1720697201526407529
-0.17641632859260123,-0.2792026079049474,0.4997476350540696,0.22177831048653612,0.3330345067767542,0.2820947350099259,0.8719661454284686,1720697201551407900
-0.1765894586353048,-0.2800262249077049,0.5001172741356448,0.2182960640178529,0.33368151726532264,0.2829283459066359,0.8723273608871618,1720697201576437266
-0.17653171805551993,-0.28030847739664777,0.500410791044886,0.21666125381548512,0.33415522797272207,0.283192617521576,0.8724678367108317,1720697201601412967
-0.17649421598620746,-0.280350579798333,0.5005178229013677,0.21622497555525055,0.3343152103446419,0.28319921659354513,0.8725126381887838,1720697201626418302
-0.1764740571664928,-0.28036657255699327,0.500525697321559,0.21616379415405876,0.3343392174662922,0.2831964987609209,0.8725194810722021,1720697201651420502
-0.1764818379357046,-0.2803972687651169,0.5005509158441352,0.21605814101604176,0.3343728835764231,0.28319328254560827,0.8725337925550639,1720697201676417754
-0.17644404764562083,-0.2804157805449942,0.5006350016858684,0.21590911862058548,0.33449266103338626,0.2831981916572527,0.8725231781754271,1720697201701418137
-0.1764421857038016,-0.2804525357627827,0.5006706045673379,0.21569943930517266,0.33455399902521565,0.2831730911335529,0.872559667918211,1720697201726418286
-0.17644163377794578,-0.28046851840915665,0.5007266657442371,0.21557908674278256,0.3346233171280958,0.28319193307334456,0.872556715655504,1720697201751416000
-0.17641076116231097,-0.28048796238755125,0.500763146494025,0.21555561626276562,0.3346783499273346,0.2832360992430336,0.8725270714843674,1720697201776419237
-0.17637459552113852,-0.28056672870463967,0.5008548931093683,0.21547481701720284,0.3347819613508346,0.2833133586687343,0.8724821960277083,1720697201801409663
-0.17629351281071068,-0.2805644222849949,0.5009739055900696,0.21540546212449288,0.334952968863159,0.2832998976062063,0.8724380571438882,1720697201826407634
-0.17632847613469932,-0.28058023143783994,0.5009569781440765,0.21543546866050173,0.33491757010538814,0.28330964389390423,0.872441072940999,1720697201851407919
-0.17631615820574192,-0.2805910322957096,0.5009642129691011,0.21541555602528972,0.3349329482031336,0.2833189045696616,0.8724370789596917,1720697201876408457
-0.17632649176856321,-0.280589692649787,0.5009658509190459,0.21541870663371077,0.3349310494567827,0.28330888266358,0.8724402844584558,1720697201901389039
-0.17633287271857287,-0.28060176988609004,0.5009387093820507,0.21542222533630673,0.33490994056135903,0.28333786984686377,0.8724381055725283,1720697201926870308
-0.17632951171435104,-0.28060204337751604,0.5009417648410011,0.21540768979802194,0.3349080914672206,0.28333513080786416,0.8724432939141394,1720697201951392244
-0.17634167972328466,-0.28061082116929115,0.5009397097013472,0.2154288072127021,0.3348961701375066,0.2833403175325087,0.8724409714764202,1720697201976407330
-0.17633859466212937,-0.28060328298217135,0.5009421471983783,0.2154289807203623,0.3348993442169676,0.28332689888415524,0.8724440680510805,1720697202001408500
-0.17632616264807277,-0.28060361711412257,0.5009449086444129,0.21542265594109428,0.33491659631861725,0.2833328356360771,0.872437079145572,1720697202026407524
-0.17632354145654386,-0.28060318493957404,0.5009407563368928,0.21542795726117658,0.3349048458351751,0.2833477013742926,0.8724354529661773,1720697202051421331
-0.17632262737983057,-0.28059684050490435,0.5009445843225452,0.21542995107300397,0.33490673546624844,0.2833328068413356,0.8724390725359759,1720697202076410007
-0.1763322712161569,-0.28060256132172173,0.5009475586733575,0.21542473349208038,0.33491672186662674,0.2833202155061859,0.8724406163742647,1720697202101409745
-0.17633611273573882,-0.28060592838088877,0.5009344178951544,0.21542692176339004,0.33489371137217666,0.2833655371309921,0.8724341899704434,1720697202126407344
-0.1763243654366352,-0.2805996907230826,0.5009304415828734,0.21543786553276387,0.3348911821718849,0.28337898634800646,0.8724280900421424,1720697202151420397
-0.17631843597950317,-0.28059247988794866,0.5009327816208439,0.2154501671632072,0.33489176448750435,0.28337413514298954,0.8724264043916568,1720697202176420890
-0.17632722115199526,-0.2805952112831068,0.5009319356674924,0.21543794150765644,0.33488514411449916,0.2833849681217637,0.87242844603611,1720697202201407596
-0.17633465120713607,-0.2805987701484122,0.5009197675647388,0.21544725337444323,0.3348763770821409,0.28338240368520595,0.8724303447080135,1720697202226407633
-0.17633255143000598,-0.2805951326314904,0.5009110007717877,0.21544783484255592,0.3348720065482928,0.28337641743829844,0.8724338231246025,1720697202251408635
-0.17633659995475975,-0.280592053973419,0.5009067690491594,0.21545052583910185,0.3348569968189235,0.28339105331793346,0.872434165709034,1720697202276420694
-0.17634441599044393,-0.2805854427929108,0.5008973638628328,0.215473491767452,0.33483276129195316,0.28339343858510285,0.8724370208089861,1720697202301410264
-0.17634001908952737,-0.28058999728425316,0.5008916387284305,0.21545956945473876,0.3348224325146473,0.2834152142926633,0.8724373495688942,1720697202326408252
-0.17634534746551705,-0.28058217935787466,0.5008950759110155,0.21546693398391456,0.3348290691186036,0.28337117072382134,0.8724472903478764,1720697202351418119
-0.1762879044139906,-0.2807809337442298,0.5008613567165991,0.21487412704237074,0.3348568046397554,0.2837756540091026,0.8724513786486545,1720697202376417409
-0.17496933864317976,-0.28543026610944,0.5010447406263784,0.20545126579906883,0.33578842036396317,0.2909003637317133,0.8720165666498496,1720697202401411250
-0.17199494718406422,-0.29671296216577614,0.5006450336560839,0.1841377511713754,0.33615789843537147,0.3073991497155886,0.8709746946193077,1720697202426409197
-0.1676462054777298,-0.3112068537298548,0.4997858930464786,0.1573225972847349,0.3352064415243692,0.32732990670605894,0.8693338680391771,1720697202451417689
-0.16213341462843772,-0.32573554181544945,0.4989263139196566,0.13016976510338665,0.33308980235576885,0.34658323310226147,0.8671718851253812,1720697202476407631
-0.15567588543035282,-0.34012471825998564,0.49769075671995544,0.10426528404088188,0.3294241231410019,0.3651213456865723,0.8644622030839074,1720697202501408282
-0.14836758945378217,-0.3548416938005232,0.49583088426363037,0.07881656445759198,0.3238267452052969,0.38342612344681226,0.8613411612801258,1720697202526826786
-0.14030467338840147,-0.3689670414808822,0.4938008374740989,0.05506025071163172,0.31726011469442755,0.4005873934987858,0.8578135744936075,1720697202551407674
-0.13108659292835217,-0.3835190884576427,0.4911951659448414,0.03152402265330908,0.3088540487286347,0.41796487457658726,0.8537685729750547,1720697202576414618
-0.12088614770855358,-0.397951506817481,0.4883584634003785,0.008655509382653291,0.29939287885131255,0.43466512852421313,0.8493263285071759,1720697202601416986
-0.1097838190848503,-0.41226884017500864,0.4849464662787655,-0.013331934340691047,0.28829542140266473,0.4509418670281342,0.8446060869341258,1720697202626409364
-0.09721387756034805,-0.426525974297739,0.4810808582419233,-0.034573491697097745,0.2758784246118248,0.4673083581719909,0.8392369551492396,1720697202651418389
-0.0835706298060202,-0.440474178105023,0.476822125585673,-0.05488909141658142,0.262230093649888,0.48315486076835423,0.8335370094625345,1720697202676406535
-0.0687833157002185,-0.45408432615081173,0.47205565950815553,-0.07419675655673394,0.24726688662998794,0.4987285961515488,0.827419914839786,1720697202701408842
-0.05279159015321361,-0.4672996682305783,0.4668532598385707,-0.09246861177983862,0.23112998291297907,0.5139657667977471,0.8208944374243008,1720697202726407028
-0.03569489045511087,-0.47993383160987896,0.461226207192306,-0.10961322620070559,0.21392507733261285,0.5287519260544368,0.8140285023411846,1720697202751411873
-0.01744325303072733,-0.49193320530608164,0.45520443142827205,-0.1256207559944961,0.1957004225723247,0.5430737677813949,0.8068405375389268,1720697202776416109
0.001976034160513812,-0.5032370323979849,0.44873906253549645,-0.14038447768574697,0.17652302993703106,0.5569587537401895,0.7993301977023793,1720697202801415568
0.022516268734711492,-0.5136919693968172,0.4418196975572122,-0.15384594261208853,0.15645047825700276,0.5705902463426767,0.7913794567548217,1720697202826417206
0.04414809857476007,-0.5232279102638849,0.43448631449845154,-0.16596837896487213,0.13556565669338214,0.5838322556355079,0.7830813158214283,1720697202851415854
0.06672549048426743,-0.5317498111827493,0.42670908849489575,-0.1766951441539087,0.11395296388373262,0.5965818820676194,0.7745215336213702,1720697202876406970
0.09034856245232006,-0.5391722019374332,0.41851080271542007,-0.18605856556619943,0.09165285066980736,0.6089379213734518,0.7656216905606359,1720697202901437994
0.11483136739366681,-0.5454514242533827,0.4098554430180804,-0.19392516585433625,0.06880556272646643,0.6208358620647149,0.7564533409012248,1720697202926408049
0.14015994100823026,-0.55039011445705,0.40086905311189325,-0.2003858442949496,0.045540784908461016,0.6322894655476542,0.7469816477488475,1720697202951416995
0.16625020659346312,-0.5540007072523953,0.39136287708837636,-0.20521155894713058,0.021878011268004604,0.6432786444502518,0.7372938045933193,1720697202976387129
0.19298847961128138,-0.5561106358954716,0.3815238983300577,-0.2086045786232545,-0.0020583049189689005,0.6537634313427912,0.7273742289888847,1720697203001409539
0.22050729617529274,-0.5567327537936693,0.37120257786030747,-0.2104191344545746,-0.026335585694065633,0.6638591123840323,0.7171619786953454,1720697203026407983
0.2484242747927769,-0.5558119573017861,0.360482173869913,-0.21072479420477222,-0.05075493212602403,0.6734229334522043,0.7067676780052036,1720697203051407822
0.276730251176572,-0.5532766777075578,0.34943130194391414,-0.20952141938633226,-0.07514076560329669,0.6825612103615679,0.6961069129613916,1720697203076416820
0.30526116749645205,-0.5488998054228463,0.3382538891103151,-0.2069135574746647,-0.09932030547869947,0.6911848069266517,0.6852633211595115,1720697203101409059
0.33402176411239315,-0.5429127530993554,0.3264045372896393,-0.20250533040162602,-0.1233708010494701,0.6993173279310403,0.6743341244981825,1720697203126849915
0.3531092403456569,-0.5378396654730925,0.31813897270112157,-0.19801729184214859,-0.138370974627645,0.7047674666619435,0.6670423100876012,1720697203151406667
0.3563073349454662,-0.5369932136428329,0.31740769778317457,-0.19848251738057232,-0.1416637529605594,0.705234011867947,0.6657184539248111,1720697203176407394
0.3536733523048344,-0.5378732791310845,0.31914628429341807,-0.20011026963969406,-0.14009165938610854,0.7041339166556222,0.6667275563304617,1720697203201382861
0.3525726321083912,-0.5382775958570113,0.31935259149209344,-0.19965236737199896,-0.1393688935558896,0.7038061715806213,0.6673620580740206,1720697203226407255
0.35548191527789985,-0.5366008365496462,0.3203945851222368,-0.19833106749098905,-0.14541089625416664,0.7034718684935093,0.6668191577607046,1720697203251417431
0.3663365589274459,-0.5294560832330285,0.32625354180602395,-0.1966511299740872,-0.163944507310927,0.7031693892861404,0.6633274768720564,1720697203276419440
0.3813397208491438,-0.5188268266333436,0.3347021468318252,-0.19358573028336806,-0.18875346464053333,0.702752379694881,0.6580545474731042,1720697203301410135
0.3958571321030514,-0.5082400689786528,0.34220682676001535,-0.18782799038005105,-0.21519296287785442,0.7010324436885002,0.6534264669063932,1720697203326408320
0.40953099932142745,-0.4976636381324271,0.34912924726026895,-0.18056859573195028,-0.24103635522331393,0.6987027315349802,0.6489306208229115,1720697203351408708
0.4228366642618545,-0.4865048848950059,0.3560928090660179,-0.17226085392666585,-0.2658901250926728,0.6962482839539839,0.6441016741740325,1720697203376423518
0.43584040834050364,-0.474815647732888,0.36297977291118566,-0.1627134823414171,-0.28995972212035,0.6936018465051216,0.6390337712021993,1720697203401408065
0.4484414059196875,-0.4626579546220281,0.3697549165383249,-0.1518645931098697,-0.3134786360668598,0.6906425547990159,0.6337832055126765,1720697203426407367
0.46075986031766153,-0.4498713889955354,0.37645254150045676,-0.13965280783577322,-0.33648166693370424,0.6874126863807778,0.6282841552067525,1720697203451416555
0.47269843731761907,-0.4365781243171314,0.38308002289695575,-0.12617150599085378,-0.3584406477984408,0.6838916545971861,0.6228107721083163,1720697203476382997
0.4840966038222707,-0.42293437558391656,0.3895705165772523,-0.11146932182242023,-0.3801902041228413,0.6798968657579558,0.6170658400154642,1720697203501408376
0.49508152776413505,-0.40875856486072526,0.3959728822402381,-0.09556024423161527,-0.4013122709721999,0.6755481001018495,0.6111067544531897,1720697203526408005
0.5055851587516378,-0.394156840392577,0.4022819066041511,-0.07849068244565449,-0.4215448776224353,0.6708601542853007,0.6050502312302705,1720697203551422157
0.5156370393090749,-0.37906570123324607,0.40845706355678146,-0.060268839520362785,-0.4410103157780271,0.6658188006282074,0.5988012133339817,1720697203576419557
0.5250674772366346,-0.36366708568792533,0.41461174085268576,-0.04109520411808192,-0.45947819802751594,0.6604625264264874,0.5924358369665206,1720697203601409486
0.5340036192182347,-0.34785552011143805,0.42057555025075316,-0.02075106724217677,-0.47710600106766227,0.6546834204291444,0.585942724136695,1720697203626408136
0.5423818407478698,-0.3316152197728244,0.42647020629167215,0.0006034045366988014,-0.4937160835328903,0.6485889487582518,0.579289599693085,1720697203651408430
0.5501297349031019,-0.31502572171353616,0.43232620001517624,0.022747399239426442,-0.5092671097560059,0.6422056345354076,0.5724521724297854,1720697203676407929
0.5572328387447545,-0.2981825861474758,0.4381052406191833,0.045634256297714365,-0.5236763972546746,0.6355164792728993,0.5655080460816604,1720697203701375005
0.5639548073672954,-0.28041142570371747,0.4439466728764496,0.07012679251151197,-0.5372716862315355,0.6283485684055584,0.5582109321113791,1720697203726847180
0.5697523832728577,-0.26324952837139237,0.44928280730521986,0.09447827163989739,-0.5491685185644116,0.6209766783082304,0.5512492715668509,1720697203751409440
0.5749635961239611,-0.24532726382859982,0.4548422455958802,0.11980178310945357,-0.5601565211141173,0.6133149541514435,0.5437986498984139,1720697203776417505
0.579491811973653,-0.2271888627276794,0.4602953976991552,0.1458036752017467,-0.5698533486649368,0.6053252124481051,0.5362740311516848,1720697203801416378
0.5833640255499855,-0.20889944641678154,0.4655684541355846,0.17247343108419913,-0.5783006564170394,0.596928952446274,0.5286748453341235,1720697203826407413
0.5865317958240112,-0.19035937918877036,0.4707949313141535,0.19963637215095598,-0.585427107643923,0.5882639691754417,0.520927944268716,1720697203851416620
0.5889119652154804,-0.1716330321154307,0.4760653382949518,0.22711225254576467,-0.5913530862704115,0.5793645086666809,0.5128921116564997,1720697203876406719
0.5905588325475418,-0.1527836399966049,0.4812362339123532,0.2550168039802633,-0.5958442321954844,0.5701439085624044,0.5048484962602648,1720697203901407856
0.5914874936796165,-0.1338524537739371,0.4862950871278391,-0.2832200878074165,0.5989639750841254,-0.5606384804159824,-0.4967021569216717,1720697203926407132
0.5916578563518899,-0.11486190001797841,0.49124944688859434,-0.31171054732093556,0.6007335883285901,-0.5507994863857292,-0.48844202966161276,1720697203951407512
0.5910037227072942,-0.09580875036412868,0.49617451819984226,-0.34041870754055675,0.6011357372682407,-0.5406424779531492,-0.4800589963411415,1720697203976415104
0.5895801716647309,-0.07677045237398729,0.5010297044740668,-0.36917289930260955,0.6001625492378407,-0.5302446587287581,-0.47154733251547976,1720697204001408657
0.5874016221239576,-0.05775559067428948,0.5058127125419298,-0.39792505398960215,0.5978397585400913,-0.5196134916722693,-0.4628661726549586,1720697204026407616
0.5844055033481209,-0.038766617552848145,0.5106156669469775,-0.4266651882502698,0.5941202731703833,-0.5087343340092987,-0.4540564893748643,1720697204051392507
0.5806178673394041,-0.01982113626382972,0.5153618043494961,-0.4554846465929134,0.5889296099155266,-0.4974987567255121,-0.4451860715919179,1720697204076418396
0.5760826926055898,-0.0011504323277626016,0.5200232442625722,-0.48396640270376856,0.5824265186600036,-0.4860496410940314,-0.43624719805166134,1720697204101408231
0.5707223219334099,0.01742502103745614,0.5246596605738048,-0.5122163347671617,0.5745652011045791,-0.4744069548942664,-0.42713849887981203,1720697204126408254
0.5646229852536215,0.03520667113887865,0.5291580937086913,-0.5399756468972056,0.565598438163392,-0.46219466545101634,-0.4182114282676874,1720697204151407477
0.5576789354923487,0.05333923047367678,0.5336975432118203,0.56746214273956,-0.5550890656737298,0.4501899058353781,0.40889105445194845,1720697204176407063
0.5516196287744554,0.06683154364402152,0.5377277489475218,0.587248183294899,-0.5465970686566655,0.4418291381592844,0.4014451748697513,1720697204201412441
0.5498553415772423,0.07063060322185596,0.5386440061652846,0.5938227327736967,-0.5437984720267215,0.4383334076434336,0.39940156184756875,1720697204226407763
0.5509979804959143,0.06994936780829394,0.5369717467780019,0.5941483948013148,-0.5435594600391009,0.4370816093551494,0.40061261228340606,1720697204251396384
0.5514561404011574,0.06930044912895647,0.536673964434539,0.5926712726529824,-0.5440856171289573,0.43804057123144796,0.40103872850452077,1720697204276416124
0.5504449002283534,0.06953519495393749,0.5389807001839998,0.5938669414888804,-0.5461307325283865,0.436325672861045,0.3983505817706395,1720697204301415992
0.5476253956559702,0.07066036879979581,0.5453185725207661,0.599575610472174,-0.5513595747221576,0.4290587256766961,0.3904104463379676,1720697204326838548
0.5431506814538568,0.0725977577609205,0.5536713904635044,0.6066870554370792,-0.5574432892081439,0.4202571381712302,0.38022589851037164,1720697204351418129
0.5386722715499019,0.07463731858586803,0.5615544047911916,0.6143688492484165,-0.5634160059549739,0.4101097195366427,0.3700315381808659,1720697204376415935
0.5345723091172121,0.07647521314384997,0.5683586819636357,0.6219306184777257,-0.5689848077552917,0.39922602246751737,0.3606621373645324,1720697204401415196
0.5299065778821134,0.07850516190896223,0.5755010942234147,0.6290228253898444,-0.5744326390575762,0.3886964085043354,0.3511018802851339,1720697204426407832
0.5247431216068795,0.08055945477079332,0.5829146234412158,0.6356667672118247,-0.5798392745796553,0.3783422603260209,0.3414254102564781,1720697204451408115
0.5194257711936386,0.08260587191370761,0.5900834951837872,0.642139082250395,-0.5850691698447889,0.3676534019847943,0.33193740607644245,1720697204476408361
0.5137827343933019,0.08472404152287241,0.5972077295748462,0.6483809268059743,-0.5902095377690595,0.35680632911403654,0.3224036581442972,1720697204501408942
0.5078188826662207,0.08686825721668102,0.6042925834263391,0.6543844097796809,-0.595234717869273,0.3457856144039843,0.31290411271129837,1720697204526382102
0.501590324010136,0.08905388072489794,0.6112997187871041,0.6602055842141806,-0.600119595470897,0.3345080294164942,0.3034624127633493,1720697204551420484
0.4951252035973091,0.09125903106357419,0.6182444910219763,0.6657321097971409,-0.6049147916299111,0.32315139831921524,0.29402725488757736,1720697204576416869
0.48835790773799215,0.09345342192244326,0.6251912223146108,0.6709700433666257,-0.6096509003800759,0.31167923245285667,0.2845716722162439,1720697204601423716
0.48132285653118434,0.0956784498403389,0.6320585687374968,0.675973259099894,-0.6142815525010356,0.30004500875377116,0.2751205553220886,1720697204626408427
0.47400544762176533,0.09792272208728092,0.6388818350458572,0.6807316269793564,-0.6188046961044976,0.2882610375289785,0.26568924395198174,1720697204651411760
0.46641540952410837,0.10014939673886475,0.6456209698881761,0.6852333830082586,-0.6232449860519055,0.27627717769331767,0.2563041538056538,1720697204676408062
0.45855700495919494,0.10238441916699674,0.6522818242902724,0.6895070494939858,-0.6275472599364912,0.2641250271143541,0.24698671076829615,1720697204701412812
0.4504565123985466,0.10462294888665143,0.6588447325177846,0.6935434008908955,-0.631722827036145,0.2517951993621177,0.2377456591829657,1720697204726409202
0.442069056908131,0.10684294294715438,0.6653593903883552,0.6973194850769263,-0.6358034682425058,0.23933588110804135,0.22851219117825808,1720697204751422011
0.4334717133512318,0.10907784629048924,0.6717453909756526,0.7008641310990089,-0.6397526488665533,0.2267184297896176,0.21932800003827635,1720697204776408742
0.4246811490771938,0.11130310716274673,0.6780068302492833,0.7041593898485647,-0.6436184885901035,0.2139123865422445,0.21013397087784053,1720697204801417229
0.41559779871951025,0.11348983112717831,0.6842426749491494,0.7071867768804542,-0.6473560955075525,0.20101450759345912,0.20102267521752548,1720697204826408502
0.4062636756068201,0.11567704255518976,0.6903650416752918,0.70995823120433,-0.6510051371981576,0.18795880864561101,0.19189347966866854,1720697204851408213
0.39671840608121745,0.11785508041156018,0.6964064820569698,0.7124401971867379,-0.6545414579367296,0.17486981779299376,0.18282503138144857,1720697204876409234
0.38692856238053003,0.11997359178613656,0.702344456200124,0.71468347023928,-0.6579287097190377,0.16161716152661681,0.17388859477913327,1720697204901408584
0.376844307747921,0.12204978869597868,0.7083435589333124,0.7166272431221763,-0.6612184074430211,0.14848643484957985,0.16488599315674374,1720697204926823765
0.36923045952249617,0.12341287774856063,0.7128241494922877,0.7178054072167254,-0.663458729531502,0.13973436982384127,0.1582789230087513,1720697204951421566
0.3671670819649112,0.12384871902588737,0.7139188720122572,0.7181309992780721,-0.6641273260442786,0.1368367690322186,0.1565198432083844,1720697204976415053
0.3686884783519107,0.12389619412633122,0.7128553376681765,0.7181766928585923,-0.6639420860312168,0.13624576119800644,0.1576078576302185,1720697205001421213
0.3697173418302786,0.1237598371273086,0.7122631479620624,0.7179593267191626,-0.6636984993434633,0.1377445455141734,0.15831976290815894,1720697205026407255
0.372729169529634,0.12377089690307796,0.7098565778413126,0.7172343516395272,-0.6628010111011118,0.14341475026643172,0.16031816465263085,1720697205051419738
0.3845363157610648,0.12439887286280231,0.6990287775798243,0.7157438558269336,-0.6595625967884672,0.1546972004198602,0.1695779760048607,1720697205076417750
0.40368985790258904,0.12571654078092684,0.6796543792808476,0.7135445062342085,-0.653999382242283,0.16958683652794737,0.18541669430268398,1720697205101407736
0.4224737878621571,0.12721378214433762,0.6578105519746738,0.7108036773481001,-0.6474312860727202,0.18634889954552095,0.20215080934988827,1720697205126408091
0.4370030572525452,0.12854355752315477,0.6382659897510995,0.7074511692995122,-0.6413135666700984,0.204397236549547,0.21552615143536197,1720697205151416597
0.44942900430716337,0.1298344690818685,0.6191137562695578,0.7038622225177812,-0.6351916615857439,0.22175170076315004,0.2278940718248755,1720697205176415884
0.4612730581194172,0.13120903149133442,0.5986293469618538,0.7002586649043807,-0.6285853552702362,0.2378473693473345,0.24072158661133344,1720697205201418007
0.47179600274246897,0.1325860492604865,0.5774831809942721,0.696453500682798,-0.6215764754880946,0.253668899523371,0.2534705030591841,1720697205226408102
0.48068004500639017,0.1338917403717268,0.5561955306206496,0.6922550273762073,-0.6142968286053601,0.2697965514844974,0.26576719933964077,1720697205251417266
0.4882418209511483,0.13515554004266883,0.5345776966298853,0.6877566206667075,-0.6067162729049499,0.2859080435680847,0.2777459010399737,1720697205276417283
0.49429814937287253,0.13633900736068796,0.5128079621311371,0.6829945762840439,-0.5988509480367101,0.3019238642047216,0.28937506980699246,1720697205301408329
0.49883064717246217,0.13742608890474933,0.4909265024221137,0.6779360016698549,-0.5906775360683566,0.3179495827676699,0.3006840348970503,1720697205326416990
0.5019360001282763,0.13845540243559404,0.46877998082864336,0.6726832914563468,-0.5820253908457611,0.33385014752579245,0.3119097831157292,1720697205351419830
0.5035452417262768,0.13929574406873307,0.44665856304487184,0.667060157254077,-0.5731429285134811,0.34979397379233385,0.322772529806557,1720697205376420410
0.5036182185254051,0.14001003308039328,0.42478615774534256,0.6611964934966869,-0.5639829030332305,0.3656388367637192,0.3332427390416329,1720697205401407632
0.5022485987560397,0.14058636340796535,0.4029511627218627,0.6551136684614238,-0.5544458875867535,0.3813458053450602,0.3434984947257851,1720697205426409979
0.4993822243354326,0.1409641260592185,0.38154010300237373,0.6487077185732913,-0.5447403415842701,0.3970192643798718,0.3532873615420647,1720697205451413472
0.4950558827351844,0.14115388121167005,0.3605316374747388,0.6420150532148872,-0.5346390283397843,0.4126989895346029,0.3628461448858107,1720697205476409677
0.48935418165801337,0.1410942193046978,0.33988914519764174,0.6350157218904835,-0.5242228221598584,0.428290281540841,0.372173212921522,1720697205501417773
0.4820704903764461,0.1408150478431851,0.319480766046662,0.6277472857910406,-0.5133963379571986,0.4438462167458218,0.38125854906420187,1720697205526802755
0.4737403932736085,0.1403124840874791,0.30043727420057403,0.6202791216697746,-0.5026655568527814,0.4590577207004056,0.3896757090707664,1720697205551407483
0.4639459306053082,0.13952681840718348,0.2816466094489383,0.6125582026499504,-0.49153972483429015,0.4741549895859928,0.39791731946071335,1720697205576415935
0.45286809793430804,0.13853844403659943,0.26369136426572454,0.6045821860397496,-0.48009791024652654,0.4891931798825577,0.4058034125740042,1720697205601407265
0.44055761431748836,0.1372919859249924,0.24664331060095201,0.5963119337971298,-0.4683727690608213,0.5041577829884415,0.4133569361527705,1720697205626407573
0.4270663116188812,0.13575746886419626,0.23051500674773662,0.5877849913340193,-0.4564306617336321,0.5189550265420582,0.42055384366166154,1720697205651408628
0.41268361795394937,0.1340190790595017,0.21544716840268452,0.5795364692709414,-0.4442819313749887,0.5329341573703203,0.42747190568114246,1720697205676407017
0.40059846569286806,0.1324318564860449,0.2041448329427959,0.5732009961284992,-0.43450822718043314,0.5434365692483586,0.432804706251431,1720697205701401027
0.39608427164939797,0.131793925403364,0.20068726035090972,0.5696014796938272,-0.43144854505350555,0.5486604992540135,0.43402530324873045,1720697205726407325
0.39655666250223204,0.13181739221692043,0.2013437875817405,0.5693293213253848,-0.43214139482521974,0.548805330694073,0.43350968588886174,1720697205751408918
0.3979288966350672,0.1319695934054647,0.2023692826357158,0.570614186963465,-0.4331666430876875,0.5469423185819601,0.4331514851600507,1720697205776417732
0.3985939145248111,0.13209083259749962,0.202660853633035,0.5716677604671715,-0.4334735876858735,0.5455867700739506,0.43316474549697614,1720697205801416084
0.3988172617129109,0.1321482777492421,0.20275582997967895,0.5720328553889054,-0.43357797698116957,0.5451335268203957,0.4331489214679968,1720697205826408645
0.3988677353849631,0.13215813328255746,0.20277011785372492,0.5720946844276424,-0.43358889233822545,0.5450543665667821,0.4331559557215286,1720697205851407785
0.3989097637595601,0.13218123239638144,0.2028264562179446,0.5720900393778086,-0.43359647404333146,0.5450725523623099,0.4331316164898667,1720697205876408124
0.3989996852657717,0.1321963790178645,0.20291088596980977,0.5720671059859257,-0.4336712522435211,0.54508373027032,0.4330729710118342,1720697205901416529
0.39909466295513896,0.13221111637981758,0.20299763550984765,0.5720596669918647,-0.433742583488768,0.5450750011949109,0.43302234554583185,1720697205926411370
0.3991614495489235,0.1322313752061152,0.2030726466784763,0.5720851391195002,-0.43376605737877316,0.5450461146923536,0.4330015403245891,1720697205951409196
0.3992228683440999,0.13224475283319165,0.20313734313437423,0.5720791014858231,-0.4338312262009489,0.5450435840550099,0.4329474105438488,1720697205976416269
0.3992656330002269,0.13223773829597377,0.203181659332283,0.5720818325608874,-0.43391917915521716,0.5450119817899179,0.43289544063256846,1720697206001408291
0.399265371792335,0.13223043518085906,0.20315215065392983,0.5721413664749583,-0.4339517360472212,0.5449289141758052,0.43288869937311636,1720697206026409655
0.39927605416461465,0.1322229570642341,0.20318332090753444,0.5721272520517169,-0.4339760209624636,0.5449330325583834,0.43287782423688814,1720697206051409789
0.39928299375097065,0.13220380805954624,0.20315543251082968,0.5721326517477867,-0.4339682757541148,0.5449061027817005,0.4329123509375833,1720697206076409390
0.3992649704517194,0.13220909432685474,0.20315431790498376,0.5721412989279182,-0.4339770895234742,0.5449046460364358,0.4328939206753955,1720697206101421549
0.39927569348591935,0.13221103302684997,0.20318753708166495,0.5721269295936878,-0.43398354607416256,0.54492123955509,0.4328855516788922,1720697206126884688
0.3992736245164503,0.1322019031510746,0.20315916234256978,0.5721320239265834,-0.4339801659537361,0.5449061481927888,0.4329012039924786,1720697206151407052
0.3992769801824238,0.1322106042867703,0.20318344105555103,0.5721184275818015,-0.43397567935439924,0.5449314796351364,0.43289178445989895,1720697206176408005
0.39929304075784416,0.132206857021011,0.20317836904088193,0.5721227502746161,-0.4339828167860837,0.5449172623442439,0.4328968128225016,1720697206201406877
0.39929287825733745,0.13221113540578658,0.20319608869213168,0.5721175425490106,-0.43399086856023145,0.5449270491091834,0.43288330374729694,1720697206226406695
0.3992876230190311,0.13221110938441502,0.20320389621289647,0.5721081728052059,-0.43399822458393017,0.5449387851880847,0.4328735381901043,1720697206251421333
0.39929051019143796,0.1322093272444169,0.20322055108012396,0.5721062194526455,-0.4340141303735875,0.5449370215182869,0.4328623925434481,1720697206276407479
0.39931142906590933,0.13220750806465187,0.20324127853526974,0.5720828145608957,-0.43401455027318964,0.5449578435944415,0.4328666909570902,1720697206301420656
0.39931886018650564,0.1322229711717564,0.20326330889883984,0.5720797396890087,-0.4340136329346732,0.5449757155533966,0.43284917387153027,1720697206326403639
0.3993352503549198,0.13222260222762489,0.20327990182970407,0.5720619684203674,-0.43400814338859633,0.5449930289554444,0.43285636664991767,1720697206351416686
0.3993500474416553,0.13221803354951986,0.2032911054117269,0.5720425609890155,-0.43402099763912716,0.5450063854515738,0.4328523095034561,1720697206376393813
0.39936149315202224,0.13222089409540702,0.20329631849119173,0.572031275848824,-0.43402156287790666,0.5450196618159753,0.43284994009677974,1720697206401408506
0.39937204922155667,0.13222908493529775,0.20331166154589916,0.5720231391659182,-0.43402853820246556,0.5450341600874491,0.43283544289067666,1720697206426407622
0.3993646393315643,0.1322263282572743,0.20330464945532845,0.5720245745087419,-0.4340276823750942,0.5450315711968601,0.4328376641292659,1720697206451407385
0.39937056029875817,0.13223244560715536,0.2033118017502377,0.5720253694474161,-0.43402068485669426,0.5450364672707471,0.43283746507216425,1720697206476421457
0.39937444604738825,0.13223719826099828,0.20331730648889002,0.5720289796289644,-0.43401569318902117,0.5450367504790181,0.43283734260986767,1720697206501417983
0.39937776608132647,0.13223427937676727,0.20332303469346968,0.5720126110254848,-0.4340296966065843,0.5450508445769578,0.432827185048893,1720697206526407582
0.39937829291172244,0.13222898035754307,0.20331482398261297,0.5720173423205316,-0.4340300316660477,0.5450393874092181,0.4328350238475506,1720697206551407905
0.3993745169283747,0.13222675134102185,0.20330511163310264,0.5720204785705111,-0.43402340393181904,0.5450344951566634,0.43284368543935314,1720697206576407990
0.3993790796002631,0.1322235264461771,0.20333953468935156,0.5719967786685906,-0.43404789578232544,0.5450560501304379,0.4328233029492481,1720697206601369921
0.3993630325338777,0.13223259618095778,0.20333010273006938,0.5720096363768928,-0.4340542356580651,0.5450533626992327,0.4328033366432456,1720697206626408315
0.3993729273385306,0.13223678576878045,0.20331917148665424,0.5720130582437133,-0.4340334960889436,0.545053318595747,0.4328196684061925,1720697206651420546
0.39938717102092436,0.13223545773907358,0.20333699960819246,0.572003252188934,-0.43404508904659506,0.5450585311106378,0.4328144380948144,1720697206676421903
0.4001529237192999,0.12985074689766446,0.20424154748771206,0.5682767425457684,-0.43578765102870254,0.5466404906219017,0.43397562270835305,1720697206701420881
0.4050010982059812,0.11502994756929584,0.2098372754549059,0.5466845261833729,-0.4480553941126804,0.553934915737596,0.4399301100913346,1720697206726909657
0.41144346431947276,0.09075001494632794,0.21842347750568525,0.5110279172202912,-0.46564086077766587,0.5651328062968902,0.45017104287451354,1720697206751408699
0.41739439297043934,0.057976657582862516,0.23036311568640933,0.46108822673457567,-0.4855554961404241,0.580051439058051,0.46386833841217856,1720697206776419426
0.42033845179024654,0.02587735845113456,0.2419186051775094,0.41088451912856483,-0.5002341137754522,0.5938041949342976,0.47784549954374017,1720697206801416577
0.420572362690953,-0.0029805698888932877,0.2522479686083763,0.3648201697665163,-0.5093590177766852,0.6053409274035607,0.49093991114116775,1720697206826407655
0.4187262323127382,-0.0304232033942105,0.26226759511469844,0.32033046678953087,-0.5145717112912419,0.6153855236090289,0.5038898722118218,1720697206851407442
0.4149779873767945,-0.057493935611436855,0.27206163663072885,0.2761691626302918,-0.5163613440943065,0.6241407508463365,0.5172522393090013,1720697206876407036
0.4092626981616495,-0.0839069466074738,0.2819446219000507,0.2321507881781231,-0.5145814958349241,0.6320927170418857,0.530820772723878,1720697206901407656
0.40171698180871446,-0.10967650182437995,0.29173823944546273,0.18868814903417855,-0.5092058852500738,0.6390126549475301,0.5447650646449833,1720697206926409080
0.39242629196714907,-0.13450474315745325,0.3014587920564885,0.14612737129047262,-0.5004064767807347,0.6449610580209112,0.5588071071417894,1720697206951410852
0.3815337942690191,-0.15828799591269319,0.3109932336783272,0.10489836912955135,-0.488241306665782,0.6498336541069197,0.5730034734705353,1720697206976418711
0.3691410363512859,-0.18093153816846336,0.3204119512667261,0.06518563532033103,-0.4728975133110615,0.6536258059777161,0.5872751319544192,1720697207001407872
0.3553735452400226,-0.20236107358605582,0.3297007758934749,0.027232426337102537,-0.45443841799432994,0.6563528158018581,0.6016187334147576,1720697207026407798
0.3403609568591005,-0.22251004167659127,0.3388101799855456,-0.00869912650404771,-0.43300588940432927,0.6580303360548585,0.6159758938227718,1720697207051407516
0.32423631566433686,-0.2413100947738835,0.3477365486504403,-0.04233573458405227,-0.4088069126811203,0.6586089385209857,0.6303323407708193,1720697207076407752
0.3071923985400471,-0.2586327617448999,0.3564895157994483,-0.07345950879033407,-0.38205747792942124,0.6581596696920821,0.6445631336939013,1720697207101396539
0.2892306634098205,-0.2746179115694216,0.3650282136664267,-0.1019244127028001,-0.35278865230808487,0.6565853227929602,0.6588226580732472,1720697207126419333
0.2705428882564006,-0.28913353843682826,0.3733621989335407,-0.1275108995177721,-0.3215605343365663,0.6538738604078257,0.6728958076379419,1720697207151417911
0.2512272245854948,-0.3021936202456201,0.38154147400732097,-0.15006444238595829,-0.28829482883168706,0.6500781544272162,0.6868516200292494,1720697207176424667
0.23147398797407054,-0.3138214136426518,0.38941800507342533,-0.16931417813377508,-0.25354083570792824,0.6451416116841763,0.7006012093801675,1720697207201417908
0.2114059595012684,-0.3240203663236034,0.3970490997530306,-0.1852316705309217,-0.21731148745976145,0.6391908663451343,0.7140728128358527,1720697207226407236
0.19103820664930138,-0.3327547857498179,0.40451042340269466,-0.1978094159809721,-0.1800667212412345,0.632144919015618,0.7272140071625656,1720697207251408779
0.17052669280961838,-0.34014495566627867,0.4116990922133181,-0.20681301013299858,-0.14211371024669212,0.6239904772178277,0.7400459151573738,1720697207276407944
0.14990776972799086,-0.34626634939706713,0.4185898228960827,-0.21217543715355439,-0.1036598276831128,0.6150177213890515,0.7523226876618998,1720697207301410878
0.12903332765202244,-0.3510959376687184,0.42540418427252547,-0.2139790267643783,-0.06451335106021246,0.6045104260665185,0.7646032621018743,1720697207326825998
0.10895444048750305,-0.3545889408348619,0.4316923352851779,-0.21211909708029938,-0.026768297337682958,0.5933099055226788,0.7760620483699419,1720697207351386665
0.08860213932306438,-0.3569373382083113,0.437839355491792,-0.20675122405080623,0.011147041976544607,0.5809415309347649,0.7871700022509992,1720697207376408032
0.06848759767246787,-0.35812218904627213,0.4437572211468328,-0.19785006915177325,0.04827201246064497,0.5674751497150268,0.7978076945013415,1720697207401390561
0.04863112355992008,-0.3583068110911153,0.44934133450298697,-0.18534967909433264,0.084197395032381,0.5530021433054007,0.8079263113855262,1720697207426406638
0.029066379103984102,-0.357471651809723,0.45467730128643996,-0.16948136860217272,0.11875930519849576,0.5375425969634655,0.817447398659558,1720697207451410585
0.009919434499986585,-0.3556182162320027,0.4597687671561728,-0.15052813651548158,0.15163142376764982,0.5212050927972677,0.8262532557791004,1720697207476384330
-0.008865781145350776,-0.3528023263100889,0.4646426334563375,-0.12856266612352776,0.18261705922782026,0.5039327209403149,0.8343706989845004,1720697207501395875
-0.027313802258729647,-0.3491441607740883,0.4692541557320795,-0.10370039555192823,0.21131771284331544,0.48570149549014996,0.841834371761854,1720697207526407950
-0.04548521070882258,-0.34464329332098814,0.4736330356238567,-0.07602050248612605,0.23760369271683116,0.46647906434268976,0.8486239749966126,1720697207551408363
-0.06331073910068086,-0.3393409221629588,0.47774580523347654,-0.04583572883396434,0.2611202440972349,0.44632244816594163,0.8546996995132384,1720697207576416606
-0.08063165921267945,-0.33325521340278963,0.48159783997517785,-0.013577075773807542,0.28164204635764845,0.4254450034946311,0.8599360265382314,1720697207601417893
-0.09741470045167817,-0.3263890548014024,0.4853025761188549,0.020572795571545014,0.2992158521641223,0.4038570270317971,0.8642604558887951,1720697207626406830
-0.11377998567034049,-0.31882846916891155,0.4887541384029106,0.05653412828159098,0.31344008575910576,0.3815624638736586,0.8677380314020056,1720697207651419240
-0.1297706965429797,-0.31059919781875484,0.49195822226944547,0.09397417703136084,0.32418717169062095,0.3585088350684737,0.8703694312993536,1720697207676407503
-0.14527457924686804,-0.301650283846087,0.49501094349017516,0.13238116282390736,0.331441033891208,0.33483309620474216,0.8720715948065636,1720697207701408528
-0.1603234952268751,-0.2919028155305472,0.4979286050644074,0.17085425303739982,0.33503997075945763,0.3108285494176471,0.8728932667167592,1720697207726407581
-0.17313366913187944,-0.2829535751474668,0.5002778093109922,0.205034974018211,0.3352137749306389,0.28917726130238264,0.8729082976302586,1720697207751407533
-0.18007201376813606,-0.2778195299955375,0.5014868149238775,0.22548270756159466,0.3339971390095157,0.27700768464280134,0.8722787412134867,1720697207776407068
-0.18153648518553175,-0.27658059867516105,0.5018549251242225,0.2308051364269968,0.333735652526765,0.27416602359721925,0.8718844503352142,1720697207801407548
-0.1791222599624265,-0.2784997421121037,0.5013100811764347,0.22448840237449405,0.33409958115918786,0.27872903571634755,0.8719475624813899,1720697207826407751
-0.17678305639377356,-0.281121726113422,0.5011293935643341,0.2152074127878605,0.33506368843682,0.2839004398638203,0.8722491813796092,1720697207851413917
-0.17338696685425498,-0.2909113032280517,0.5010777516227837,0.19451086469026688,0.3364023169619253,0.29889404231623107,0.8715855414862939,1720697207876417770
-0.16819568022322492,-0.30834525805475305,0.5002859145286297,0.1615584175516507,0.3359271078467485,0.3233425132891175,0.8697709325056813,1720697207901419737
-0.16010598609048343,-0.3303275422683064,0.49847982458109863,0.12246291990370424,0.3320160931762867,0.35231168044551336,0.8663974993859762,1720697207926831523
-0.15053815436796142,-0.3507492911529987,0.49635170464188083,0.08625313127495945,0.3256182660396206,0.37801098677310985,0.8623461231115006,1720697207951414713
-0.13902564240721688,-0.37084434726159277,0.49355261636651204,0.05209143596581183,0.3164464517769406,0.4025600363932442,0.8573759633648904,1720697207976407390
-0.12591795376626977,-0.3906368023654804,0.4898830836391507,0.020016435098614106,0.30450329166823087,0.42604154458682136,0.8516840317718953,1720697208001407340
-0.11079400624865865,-0.41030971506061065,0.4854118773550515,-0.010483194747846418,0.2899554607546063,0.4488617181040839,0.8451858324813026,1720697208026407804
-0.09356930607299191,-0.42964919143875546,0.48014947292158366,-0.039337367158992206,0.2729867469742452,0.4710818109589831,0.8378620023040925,1720697208051407374
-0.07420911390821097,-0.44856701355753514,0.4740177915576026,-0.06655951680630563,0.25347272131923887,0.49267335494149966,0.829815868491449,1720697208076407366
-0.05268914036501127,-0.46669373827219485,0.46706872519947684,-0.09185387872932567,0.23178112006265872,0.5136116669713111,0.8210014816648193,1720697208101408100
-0.029076856087340924,-0.4838101549661833,0.459328319844335,-0.11498501480447568,0.20811057105064648,0.5337231345935416,0.8115467036388186,1720697208126407647
-0.0033028363101873237,-0.49969798192215686,0.4508870659298062,-0.13601160980243848,0.18264920768259973,0.5531841004859334,0.8013285592698145,1720697208151417033
0.024566041458485177,-0.5140725318904005,0.4417022688487027,-0.15469780277893158,0.1555509105286167,0.5719530432039882,0.7904063641056958,1720697208176415841
0.05440259434630093,-0.5266980147510063,0.43158022901762566,-0.17076419264046516,0.12685846506317197,0.5898998983977202,0.7789509806297348,1720697208201425934
0.08601560274157771,-0.5373652821110082,0.42065170694608245,-0.1842824035283248,0.09685369146531965,0.6070008629574322,0.7669480494585647,1720697208226410434
0.11935940180240912,-0.5459248546250832,0.40886464335431105,-0.1950504341211306,0.06569363486378314,0.623269681025609,0.754436597204681,1720697208251416973
0.15435076004969214,-0.552029026150934,0.39633568606308345,-0.20313675374407822,0.03371832467094794,0.6387143638188112,0.7413787799170095,1720697208276417113
0.19063570872644062,-0.5555104745023967,0.3830692648202478,-0.20842115163040686,0.001076309807959336,0.6532645824432527,0.7278769473169864,1720697208301420698
0.22808718051503743,-0.5561825926950192,0.3690794627199816,-0.21086966207754124,-0.03194825362331208,0.6669791247554773,0.7138992518879269,1720697208326409454
0.2663636826973718,-0.5539504817045398,0.3543531121294018,-0.21047168876562447,-0.06520722066581235,0.6797395442597196,0.6995740408068146,1720697208351417536
0.30527572303933204,-0.5486383621931704,0.3387709686593995,-0.20707315732959256,-0.09843824939187884,0.6916377798426133,0.6848852459095588,1720697208376416619
0.3410472693371194,-0.5409088974707248,0.3237959243782241,-0.20088229362776702,-0.12791561383843555,0.7018241734724053,0.6713618468255095,1720697208401407939
0.3622095607829179,-0.5350850529772613,0.3147101613376232,-0.19650685680324714,-0.14570873520739241,0.7072315405098272,0.6633080489649334,1720697208426409383
0.36712895226380593,-0.5336576448698407,0.31328539660346005,-0.19647889960460763,-0.15046703739172246,0.7079942726650488,0.6614376936206532,1720697208451407763
0.3601680330972845,-0.5360700161865001,0.3163215684586274,-0.19863421928991223,-0.1455337549778642,0.7056979004815415,0.6643454269768662,1720697208476416618
0.3528253626285025,-0.5384033297733839,0.3193156185202726,-0.20034958728828428,-0.13977400384058053,0.7036331576330866,0.6672508150636306,1720697208501408909
0.35140461313126414,-0.5385954995732082,0.3196190019817686,-0.19976175892988404,-0.13767228924130492,0.7037931372354342,0.6676951403332234,1720697208526774416
